-- phpMyAdmin SQL Dump
-- version 4.7.7
-- https://www.phpmyadmin.net/
--
-- Host: localhost
-- Generation Time: Jul 16, 2019 at 11:54 AM
-- Server version: 10.1.30-MariaDB
-- PHP Version: 7.2.1

SET SQL_MODE = "NO_AUTO_VALUE_ON_ZERO";
SET AUTOCOMMIT = 0;
START TRANSACTION;
SET time_zone = "+00:00";


/*!40101 SET @OLD_CHARACTER_SET_CLIENT=@@CHARACTER_SET_CLIENT */;
/*!40101 SET @OLD_CHARACTER_SET_RESULTS=@@CHARACTER_SET_RESULTS */;
/*!40101 SET @OLD_COLLATION_CONNECTION=@@COLLATION_CONNECTION */;
/*!40101 SET NAMES utf8mb4 */;

--
-- Database: `service`
--

-- --------------------------------------------------------

--
-- Table structure for table `migrations`
--

CREATE TABLE `migrations` (
  `id` int(10) UNSIGNED NOT NULL,
  `migration` varchar(255) COLLATE utf8mb4_unicode_ci NOT NULL,
  `batch` int(11) NOT NULL
) ENGINE=InnoDB DEFAULT CHARSET=utf8mb4 COLLATE=utf8mb4_unicode_ci;

--
-- Dumping data for table `migrations`
--

INSERT INTO `migrations` (`id`, `migration`, `batch`) VALUES
(1, '2014_10_12_000000_create_users_table', 1),
(2, '2014_10_12_100000_create_password_resets_table', 1),
(3, '2019_07_16_035418_create_products_table', 1),
(4, '2019_07_16_035451_create_reviews_table', 1);

-- --------------------------------------------------------

--
-- Table structure for table `password_resets`
--

CREATE TABLE `password_resets` (
  `email` varchar(191) COLLATE utf8mb4_unicode_ci NOT NULL,
  `token` varchar(191) COLLATE utf8mb4_unicode_ci NOT NULL,
  `created_at` timestamp NULL DEFAULT NULL
) ENGINE=InnoDB DEFAULT CHARSET=utf8mb4 COLLATE=utf8mb4_unicode_ci;

-- --------------------------------------------------------

--
-- Table structure for table `products`
--

CREATE TABLE `products` (
  `id` int(10) UNSIGNED NOT NULL,
  `name` varchar(191) COLLATE utf8mb4_unicode_ci NOT NULL,
  `detail` text COLLATE utf8mb4_unicode_ci NOT NULL,
  `price` int(11) NOT NULL,
  `stock` int(11) NOT NULL,
  `created_at` timestamp NULL DEFAULT NULL,
  `updated_at` timestamp NULL DEFAULT NULL
) ENGINE=InnoDB DEFAULT CHARSET=utf8mb4 COLLATE=utf8mb4_unicode_ci;

--
-- Dumping data for table `products`
--

INSERT INTO `products` (`id`, `name`, `detail`, `price`, `stock`, `created_at`, `updated_at`) VALUES
(1, 'quia', 'Consequatur iusto ab unde. Quis aliquam et recusandae ad quasi reprehenderit quibusdam. Est quo tempore ipsam sit est. Dolorum quibusdam ullam quia pariatur ea cupiditate.', 4413, 54, '2019-07-16 00:00:09', '2019-07-16 00:00:09'),
(2, 'ullam', 'Recusandae omnis quos ipsa. Officiis distinctio dolorem et voluptates nostrum reprehenderit. Non in molestiae inventore error aut autem.', 1402, 664, '2019-07-16 00:00:09', '2019-07-16 00:00:09'),
(3, 'doloremque', 'Neque dicta dolor ipsam veritatis repellat ullam dignissimos. Sit doloremque cupiditate consequatur animi. Sed deleniti aspernatur vel aliquid alias ab.', 2377, 660, '2019-07-16 00:00:09', '2019-07-16 00:00:09'),
(4, 'eos', 'Consequuntur voluptatem ad aut quasi. Facere quibusdam molestias optio dolor exercitationem. Necessitatibus laborum sapiente consequatur commodi magnam ab enim.', 2374, 262, '2019-07-16 00:00:10', '2019-07-16 00:00:10'),
(5, 'laborum', 'Rerum ut dolorem libero dolor quia enim. Voluptas dicta qui quod dicta. Temporibus repudiandae porro cupiditate expedita reiciendis amet.', 1645, 570, '2019-07-16 00:00:10', '2019-07-16 00:00:10'),
(6, 'laborum', 'Dignissimos quod id sit ea quia ad expedita. Labore dolor iste sed officia nihil. Tempore asperiores explicabo assumenda aut ex nam aut. Quis pariatur doloremque odit earum ab.', 1445, 868, '2019-07-16 00:00:10', '2019-07-16 00:00:10'),
(7, 'ullam', 'Rerum magnam saepe laudantium qui qui. Et et aut minima animi. Eaque maiores ut quaerat et minima in.', 2607, 291, '2019-07-16 00:00:10', '2019-07-16 00:00:10'),
(8, 'et', 'Cum iste aut minima maxime velit. Beatae et repellendus ducimus illo natus et perferendis. Laboriosam rerum facilis et eos aut. Blanditiis non quam rerum alias dicta dicta tenetur.', 852, 850, '2019-07-16 00:00:10', '2019-07-16 00:00:10'),
(9, 'corporis', 'Accusantium nihil et dicta quia maiores. In consequuntur deleniti autem explicabo ullam. Excepturi quia dolore fugit.', 4481, 508, '2019-07-16 00:00:10', '2019-07-16 00:00:10'),
(10, 'aut', 'Doloribus sit eos quo iusto facere sed quia. Praesentium illo quia iure nobis non accusamus amet. Inventore iste quia sit.', 2444, 636, '2019-07-16 00:00:10', '2019-07-16 00:00:10'),
(11, 'aut', 'Nemo recusandae saepe aliquam eos quod enim. Quia facilis ea provident. Corrupti pariatur ratione voluptatibus ducimus incidunt.', 2757, 973, '2019-07-16 00:00:10', '2019-07-16 00:00:10'),
(12, 'exercitationem', 'Rem in molestiae adipisci sint. Mollitia earum in est illum quisquam. Enim deserunt ex rem aut saepe omnis porro.', 2706, 356, '2019-07-16 00:00:10', '2019-07-16 00:00:10'),
(13, 'quo', 'Harum numquam enim et magnam cumque tenetur. Architecto laudantium necessitatibus consequatur fuga porro temporibus et. Debitis provident saepe dolorem consequatur voluptates.', 2839, 877, '2019-07-16 00:00:10', '2019-07-16 00:00:10'),
(14, 'ducimus', 'Aperiam eum impedit praesentium earum at alias aut. Eveniet perferendis magni quas temporibus repudiandae officia non. Tempore consequuntur quidem qui magnam labore qui reiciendis nihil. Animi nam aut non sint magni nam dolorum.', 180, 956, '2019-07-16 00:00:10', '2019-07-16 00:00:10'),
(15, 'qui', 'Omnis voluptate reprehenderit qui dolorum. Rem est iusto quia ut vel sit eum. Voluptas maxime pariatur incidunt rerum magni quia nostrum non.', 4663, 864, '2019-07-16 00:00:10', '2019-07-16 00:00:10'),
(16, 'aspernatur', 'Minus et sed quam ex consequatur libero voluptas rerum. Quia blanditiis vitae temporibus labore rerum. Aperiam molestias quod voluptatem veniam ut.', 4876, 57, '2019-07-16 00:00:10', '2019-07-16 00:00:10'),
(17, 'tenetur', 'Nisi eos error repellendus qui et. Modi dignissimos rerum asperiores dolorem eaque consequatur. Magnam esse facilis dolor quasi animi accusantium veniam.', 330, 502, '2019-07-16 00:00:10', '2019-07-16 00:00:10'),
(18, 'corporis', 'Et dolorem inventore et amet. Et et dolores dolorum rerum ea excepturi eligendi. Quis esse laudantium est quisquam. Asperiores culpa repudiandae illum sed autem aperiam.', 1874, 880, '2019-07-16 00:00:10', '2019-07-16 00:00:10'),
(19, 'quo', 'Beatae rerum eius architecto quo qui. Aut sint velit possimus sapiente. Omnis voluptas quia aut quia.', 651, 356, '2019-07-16 00:00:10', '2019-07-16 00:00:10'),
(20, 'quia', 'Cum nihil atque et hic rerum. Adipisci nisi quasi et autem quis facere. Harum fuga reprehenderit recusandae voluptas. Hic in quibusdam unde est sit dolor. Illum eos est alias ex qui.', 1190, 94, '2019-07-16 00:00:11', '2019-07-16 00:00:11'),
(21, 'ad', 'Est et corrupti nemo iure incidunt quia et sint. Magni nobis aut cupiditate facere aut odio. Et quasi qui voluptatem beatae. Qui provident officia quibusdam ex consequatur voluptatem.', 217, 437, '2019-07-16 00:00:11', '2019-07-16 00:00:11'),
(22, 'voluptatem', 'Fugiat accusamus temporibus debitis. Culpa asperiores ut dolor at numquam dolor quos. Facere quo aut dignissimos architecto sunt. Tempore quis explicabo hic suscipit inventore. Minima sunt id delectus veritatis illo sint voluptatem.', 806, 918, '2019-07-16 00:00:11', '2019-07-16 00:00:11'),
(23, 'sed', 'Pariatur amet architecto saepe quae quod facere inventore. Dolorem et modi ipsum id repellat eum. Natus doloribus voluptatem nemo aut. At placeat aut praesentium aliquid perspiciatis et tempore.', 3358, 597, '2019-07-16 00:00:11', '2019-07-16 00:00:11'),
(24, 'quibusdam', 'Minus natus magni dolores. Similique velit dignissimos quisquam fuga impedit voluptate omnis. Cum aliquid facilis fugiat itaque excepturi qui quia.', 3503, 866, '2019-07-16 00:00:11', '2019-07-16 00:00:11'),
(25, 'quia', 'Quibusdam id non culpa molestiae. Et et nobis nihil. Qui nostrum minus qui repudiandae. Omnis in placeat fuga labore ex dolorem possimus.', 1003, 553, '2019-07-16 00:00:11', '2019-07-16 00:00:11'),
(26, 'cum', 'Iusto aut voluptas unde ut. Aut sapiente sit culpa id et labore.', 273, 530, '2019-07-16 00:00:11', '2019-07-16 00:00:11'),
(27, 'animi', 'Sit assumenda at maxime accusantium temporibus delectus nisi tenetur. Voluptatum doloremque recusandae ut nisi aut. Asperiores et voluptas et quia. Sunt fuga voluptate vitae aut nobis. Nemo in in magni.', 679, 266, '2019-07-16 00:00:11', '2019-07-16 00:00:11'),
(28, 'voluptatum', 'Rerum consequuntur vitae perspiciatis eaque. Debitis similique blanditiis quo consectetur consequatur. Laboriosam voluptatibus omnis et culpa officia animi et. Aut eaque nihil ad natus iusto veniam ea.', 4872, 988, '2019-07-16 00:00:11', '2019-07-16 00:00:11'),
(29, 'dolorum', 'Laudantium et est voluptatibus pariatur at perferendis dolorem. Qui illo et a excepturi ducimus non ut. Cumque quia sit et esse id sit omnis. Nihil in perferendis dolores earum ullam praesentium.', 3736, 382, '2019-07-16 00:00:11', '2019-07-16 00:00:11'),
(30, 'non', 'Magnam temporibus et eos temporibus et cum voluptate. Et et et est iste eaque. Nemo soluta quisquam aut dolores. Iusto voluptatem et quidem laborum.', 2081, 559, '2019-07-16 00:00:11', '2019-07-16 00:00:11'),
(31, 'quis', 'Doloribus ut in non at maxime. Rem alias quos animi molestias ut facilis accusantium. Voluptatum nihil odit autem dignissimos suscipit illo quaerat. Sunt expedita qui dolorem sit.', 4810, 581, '2019-07-16 00:00:11', '2019-07-16 00:00:11'),
(32, 'consequuntur', 'Doloremque repellendus occaecati voluptatem aut vel occaecati. Repudiandae expedita esse excepturi aut. Exercitationem rerum explicabo sapiente non dicta voluptas. Temporibus neque et officiis odit ea accusamus et.', 4082, 667, '2019-07-16 00:00:11', '2019-07-16 00:00:11'),
(33, 'explicabo', 'Qui deserunt quidem debitis voluptatem eum doloribus. Eos expedita adipisci est sit. Explicabo unde eius labore culpa.', 2647, 775, '2019-07-16 00:00:11', '2019-07-16 00:00:11'),
(34, 'a', 'Consequatur dicta labore ut nihil. Molestiae dolore tempore est qui et. Nostrum quia cumque distinctio voluptatum possimus. Provident quibusdam eum cum. Dolor enim accusantium dolorem voluptatem molestiae repellendus dolores maiores.', 2835, 186, '2019-07-16 00:00:11', '2019-07-16 00:00:11'),
(35, 'animi', 'Quos optio accusamus repellat necessitatibus. Dolorum quo quia provident. Quo eius itaque cupiditate et eaque aliquid est. Consequatur autem sed eius pariatur qui.', 2902, 443, '2019-07-16 00:00:11', '2019-07-16 00:00:11'),
(36, 'odit', 'Hic optio veritatis vero velit aut tenetur. Quidem amet numquam est porro qui quo. Pariatur harum saepe ut. Reprehenderit omnis recusandae necessitatibus.', 218, 258, '2019-07-16 00:00:12', '2019-07-16 00:00:12'),
(37, 'et', 'Incidunt eum sunt ut suscipit et. Nisi voluptatem velit nesciunt aperiam. Vitae et exercitationem id itaque animi.', 2717, 574, '2019-07-16 00:00:12', '2019-07-16 00:00:12'),
(38, 'repellendus', 'Numquam et temporibus enim nisi. Eius qui voluptatem suscipit. Dicta eum consequatur qui eum deleniti dolorem consequatur maxime.', 2803, 142, '2019-07-16 00:00:12', '2019-07-16 00:00:12'),
(39, 'eveniet', 'Reprehenderit aperiam ut ipsum sapiente inventore. Magnam in laudantium est necessitatibus consectetur ducimus. Consequatur eos maiores corporis unde ut. Minima quo praesentium est explicabo sit sapiente ducimus.', 4656, 597, '2019-07-16 00:00:12', '2019-07-16 00:00:12'),
(40, 'amet', 'Sint nihil est ad quae non. Quia ex eos est omnis veritatis rerum.', 2705, 613, '2019-07-16 00:00:12', '2019-07-16 00:00:12'),
(41, 'aut', 'Ut doloremque odit officiis quia. Illum qui ea explicabo sed laborum officia. Consequuntur iure id unde harum. Voluptate provident et et voluptates adipisci voluptatibus molestias perspiciatis.', 1926, 674, '2019-07-16 00:00:12', '2019-07-16 00:00:12'),
(42, 'unde', 'At ut et dolores rerum et ea voluptatem. Ut qui amet aut dolorem quo sit. Impedit cum nemo eius repudiandae est. Voluptatem accusantium corporis necessitatibus iure quia molestias.', 2155, 92, '2019-07-16 00:00:12', '2019-07-16 00:00:12'),
(43, 'et', 'Quibusdam provident quia ex earum hic placeat dolorum. Necessitatibus illo quidem aliquid. Ut cumque fugiat adipisci recusandae. Quae rerum similique quibusdam. Enim dolores dolorem sit voluptatum id architecto neque.', 3457, 773, '2019-07-16 00:00:12', '2019-07-16 00:00:12'),
(44, 'dicta', 'Accusantium et quod nobis ratione officia sit voluptatem ipsam. Illum ducimus quam quo corrupti earum ut rerum. Praesentium quo soluta non veniam sunt debitis rerum. Nam et in voluptas aperiam. Rerum quos illo et.', 1834, 135, '2019-07-16 00:00:12', '2019-07-16 00:00:12'),
(45, 'qui', 'Sit aspernatur sunt rem assumenda. Est illum maiores voluptas. Nesciunt ipsa nisi quo ut sit. Omnis vel in voluptate qui.', 2314, 567, '2019-07-16 00:00:12', '2019-07-16 00:00:12'),
(46, 'modi', 'Molestiae illo sed nostrum quasi rem aliquid rerum. Quaerat sed nihil et et. Fuga qui cumque aliquam eius. Voluptas inventore dolorem voluptatum ipsum ut soluta fugiat sunt.', 154, 909, '2019-07-16 00:00:12', '2019-07-16 00:00:12'),
(47, 'esse', 'Totam excepturi quia at eius dolores eligendi dignissimos. Voluptatem quis et dignissimos libero laborum dolorum iusto. Neque hic iure repellat iste autem fugiat.', 1866, 772, '2019-07-16 00:00:12', '2019-07-16 00:00:12'),
(48, 'quo', 'Omnis eos perspiciatis nobis temporibus error possimus error. Voluptates harum dolores dolor et distinctio ut. Et natus asperiores quidem quibusdam. Fugiat voluptas qui voluptas consequuntur molestiae qui.', 4437, 349, '2019-07-16 00:00:12', '2019-07-16 00:00:12'),
(49, 'delectus', 'Molestiae et voluptas perferendis et. Occaecati doloribus qui nostrum qui hic. Magni quae iusto asperiores accusantium. Libero at sequi nostrum exercitationem laboriosam ut.', 4797, 839, '2019-07-16 00:00:12', '2019-07-16 00:00:12'),
(50, 'minima', 'Dignissimos omnis est quaerat ea. Mollitia autem aut dolore occaecati animi. Qui perferendis hic nostrum ea. Deserunt nulla asperiores numquam dolor.', 3182, 868, '2019-07-16 00:00:12', '2019-07-16 00:00:12');

-- --------------------------------------------------------

--
-- Table structure for table `reviews`
--

CREATE TABLE `reviews` (
  `id` int(10) UNSIGNED NOT NULL,
  `product_id` int(10) UNSIGNED NOT NULL,
  `customer` varchar(191) COLLATE utf8mb4_unicode_ci NOT NULL,
  `review` text COLLATE utf8mb4_unicode_ci NOT NULL,
  `star` int(11) NOT NULL,
  `created_at` timestamp NULL DEFAULT NULL,
  `updated_at` timestamp NULL DEFAULT NULL
) ENGINE=InnoDB DEFAULT CHARSET=utf8mb4 COLLATE=utf8mb4_unicode_ci;

--
-- Dumping data for table `reviews`
--

INSERT INTO `reviews` (`id`, `product_id`, `customer`, `review`, `star`, `created_at`, `updated_at`) VALUES
(1, 4, 'Sam Yundt IV', 'Quasi pariatur hic officia labore. Aut veniam et impedit voluptatem. Voluptas vitae distinctio quaerat sed quis. Earum consectetur unde voluptatem explicabo facilis. Reprehenderit ad maiores consequatur rerum voluptas aut atque quisquam.', 3, '2019-07-16 00:00:13', '2019-07-16 00:00:13'),
(2, 9, 'Danielle Maggio IV', 'Non ut ipsam quas ut suscipit. Eveniet delectus non eligendi non delectus. Cum recusandae beatae et magnam. Quis animi voluptas earum.', 5, '2019-07-16 00:00:13', '2019-07-16 00:00:13'),
(3, 50, 'Creola Kirlin', 'Et optio itaque sapiente numquam iure id excepturi. Voluptas nesciunt hic quae facilis dolorem qui. Eos porro repellat et natus.', 1, '2019-07-16 00:00:13', '2019-07-16 00:00:13'),
(4, 18, 'Domingo Kessler DVM', 'Dolores eaque quod repellat sequi assumenda perspiciatis. Saepe molestiae eveniet commodi eos. Et eum aut minima sed ut facilis sint. Repellendus repellendus id veniam sed vel molestiae voluptas vel. Alias quidem velit et tenetur rerum.', 0, '2019-07-16 00:00:13', '2019-07-16 00:00:13'),
(5, 17, 'Jannie Collier', 'Doloremque excepturi odio quae ut qui et. Exercitationem minima qui sed in placeat voluptas. Est voluptas nesciunt dolores explicabo aspernatur iusto omnis. Architecto libero eligendi minima debitis in eveniet.', 4, '2019-07-16 00:00:13', '2019-07-16 00:00:13'),
(6, 37, 'Rudy Huel', 'Quae et vero aut numquam. Ut similique non officia et. Eum nobis illo sit ipsum temporibus.', 0, '2019-07-16 00:00:13', '2019-07-16 00:00:13'),
(7, 24, 'Judson Bode', 'Itaque exercitationem qui est. Laboriosam voluptas velit dolorum ullam culpa impedit aut. Voluptatem odit mollitia ipsam totam sint exercitationem quod. Laboriosam praesentium voluptatem recusandae amet vel error ipsa.', 4, '2019-07-16 00:00:13', '2019-07-16 00:00:13'),
(8, 18, 'Ms. Stephanie Hirthe I', 'Eius aperiam ipsam delectus qui esse. Quasi minus et quia nulla facilis. Natus amet culpa porro qui cumque.', 5, '2019-07-16 00:00:13', '2019-07-16 00:00:13'),
(9, 19, 'Mrs. Sasha Bergstrom III', 'Quidem enim delectus quidem ipsam reiciendis. Aliquam error dolorem omnis et in molestias qui. A reprehenderit esse magni quis officia consequuntur. Consequatur tempora tempore et eveniet tempore repellat ex voluptate.', 3, '2019-07-16 00:00:13', '2019-07-16 00:00:13'),
(10, 40, 'Charles Mante', 'Eos id delectus voluptates perspiciatis necessitatibus velit ipsam. Illum hic libero aut expedita. Culpa est est ipsa rerum. Ab similique non voluptas enim quia et sed.', 1, '2019-07-16 00:00:13', '2019-07-16 00:00:13'),
(11, 39, 'Ruthie Mann', 'Voluptate dolores eum sapiente et sapiente et exercitationem. Placeat eius officiis delectus. Tenetur sed aut eligendi blanditiis laboriosam eveniet architecto rerum.', 2, '2019-07-16 00:00:13', '2019-07-16 00:00:13'),
(12, 20, 'Mazie Gibson', 'Similique quasi odit culpa. Dolore beatae sunt deleniti accusamus ducimus. Qui omnis commodi mollitia reprehenderit quibusdam.', 2, '2019-07-16 00:00:13', '2019-07-16 00:00:13'),
(13, 22, 'Adaline Dicki Jr.', 'Adipisci aliquid repellat et est temporibus qui suscipit. Et error nihil qui debitis et. Quod quisquam alias saepe commodi.', 5, '2019-07-16 00:00:13', '2019-07-16 00:00:13'),
(14, 34, 'Gabe Beer', 'Corporis soluta corporis assumenda ab ipsum. Voluptatem dolores nulla ab id rerum molestias. Asperiores rerum reprehenderit aut quis in. Facilis non quam rerum autem consectetur et. Corrupti provident nobis magnam non nobis.', 2, '2019-07-16 00:00:13', '2019-07-16 00:00:13'),
(15, 50, 'Mr. Alvah Lowe MD', 'In voluptas suscipit enim. Voluptates est nostrum voluptate accusamus fugiat veniam. Et qui provident facilis vel quis.', 5, '2019-07-16 00:00:14', '2019-07-16 00:00:14'),
(16, 22, 'Kari Adams', 'Hic temporibus quam illo similique. Aspernatur saepe nulla omnis odit aperiam. Aut voluptates sunt veritatis officia excepturi. Accusamus vel eveniet aliquam reiciendis corporis.', 0, '2019-07-16 00:00:14', '2019-07-16 00:00:14'),
(17, 9, 'Miss Nella Ortiz V', 'Consequatur expedita aliquid dolor quia aut dolorem cumque. Ducimus velit harum quasi impedit. Quia numquam debitis sint occaecati. Vitae repellat eum ut iure.', 5, '2019-07-16 00:00:14', '2019-07-16 00:00:14'),
(18, 45, 'Lesley Feeney MD', 'Non nemo neque consequatur dolorem et id. Recusandae odio et doloremque inventore ea fugiat omnis distinctio. Eos ipsa voluptatem ea sed. Ipsum omnis dolor hic ut.', 1, '2019-07-16 00:00:14', '2019-07-16 00:00:14'),
(19, 42, 'Miss Joanie Rath', 'Non distinctio magni vitae aperiam qui nostrum ad. Animi asperiores rem praesentium tempora accusantium quas. Nisi ea est debitis omnis aut ullam. Enim illum ea sunt recusandae aut.', 5, '2019-07-16 00:00:14', '2019-07-16 00:00:14'),
(20, 43, 'Dr. Hoyt Hackett I', 'Sed soluta in nihil cumque eos. Qui perspiciatis enim ut sint.', 2, '2019-07-16 00:00:14', '2019-07-16 00:00:14'),
(21, 11, 'Dr. Evans Schaden DDS', 'Et adipisci ad illum illum. Accusamus necessitatibus in omnis. Temporibus impedit voluptas ut inventore et voluptas. Quaerat aut iure facere sunt.', 4, '2019-07-16 00:00:14', '2019-07-16 00:00:14'),
(22, 41, 'Ms. Savanna Kiehn IV', 'Architecto et quia veniam. Assumenda dolor consequatur reiciendis modi ut non maxime. Voluptatem sunt quisquam nam. Qui odio sunt qui quae. Exercitationem provident explicabo et dolor doloremque sit in.', 3, '2019-07-16 00:00:14', '2019-07-16 00:00:14'),
(23, 32, 'Asa Stark', 'Soluta voluptatibus asperiores facilis error. Aut unde eligendi totam vel pariatur temporibus odit. Voluptas illum cum possimus omnis et.', 0, '2019-07-16 00:00:14', '2019-07-16 00:00:14'),
(24, 29, 'Ms. Katherine DuBuque V', 'Et non nihil asperiores quia quam. Assumenda eos repellendus nulla et quae et est. Corporis quae ut commodi omnis reprehenderit est.', 0, '2019-07-16 00:00:14', '2019-07-16 00:00:14'),
(25, 30, 'Akeem Welch III', 'Provident inventore doloremque sunt autem. Eum sed aut odit ut consequatur labore. Laudantium voluptatem optio deserunt blanditiis dicta id.', 0, '2019-07-16 00:00:14', '2019-07-16 00:00:14'),
(26, 15, 'Garret DuBuque PhD', 'Illo eaque voluptatum labore aliquid repellat qui consequuntur. Qui quia ratione quia sed nemo fugiat odit voluptatem. Ex rerum incidunt et amet sunt molestiae omnis.', 5, '2019-07-16 00:00:14', '2019-07-16 00:00:14'),
(27, 17, 'Nathaniel Sanford DDS', 'Error culpa sunt assumenda harum itaque. Ipsa optio sint eum eum eaque cum quidem ad. Deserunt et maiores nihil asperiores quae totam. Amet et voluptatem quas modi id. Molestias explicabo eum maiores modi.', 2, '2019-07-16 00:00:14', '2019-07-16 00:00:14'),
(28, 46, 'Lemuel Kirlin', 'Eos et et ipsa amet ad. Amet ab sapiente culpa commodi dicta. Illo voluptatem aperiam eaque blanditiis.', 0, '2019-07-16 00:00:14', '2019-07-16 00:00:14'),
(29, 12, 'Clair Kiehn', 'Ea qui qui sed amet a quae. Aut dolores possimus dicta fuga. Quo necessitatibus aut impedit minus dolor quaerat recusandae.', 4, '2019-07-16 00:00:14', '2019-07-16 00:00:14'),
(30, 14, 'Maribel Gutmann', 'Atque cupiditate qui esse veniam. Vel qui minima molestiae dicta eos illo repudiandae. Ipsum quaerat ea occaecati nisi praesentium sint.', 3, '2019-07-16 00:00:14', '2019-07-16 00:00:14'),
(31, 23, 'Ruthe Hoeger', 'Distinctio neque iure assumenda inventore dolores saepe necessitatibus. Sint assumenda quo nemo nemo voluptas id voluptate consequatur. Voluptatem inventore molestias est animi. Voluptatem delectus exercitationem perferendis reiciendis alias iure illum. Eos sapiente quaerat illum quidem et eos.', 1, '2019-07-16 00:00:14', '2019-07-16 00:00:14'),
(32, 35, 'Mr. Emilio Fisher IV', 'Itaque cumque facilis nisi est rerum. Minus quaerat qui nihil odio tenetur natus vel ipsa. Voluptas facilis porro sit vel et dolorem. Aperiam accusantium reprehenderit porro quisquam quae.', 1, '2019-07-16 00:00:14', '2019-07-16 00:00:14'),
(33, 5, 'Misael Adams V', 'Officiis omnis veniam est cum delectus. Sit rem fugiat unde error consequatur dolor qui. Voluptates omnis beatae eum.', 1, '2019-07-16 00:00:14', '2019-07-16 00:00:14'),
(34, 48, 'Nash Bailey IV', 'Aut debitis eligendi esse. Qui inventore quia reiciendis et ipsa repellat. Aut aspernatur dicta neque.', 1, '2019-07-16 00:00:14', '2019-07-16 00:00:14'),
(35, 8, 'Cornell Jacobi I', 'Delectus qui et deserunt ex ab nemo. Suscipit incidunt est quae ipsa. Esse fugit aut ab corrupti. Aut natus et ipsa repellat fuga omnis est. Sunt beatae quo molestias deserunt eum dolore voluptatibus.', 2, '2019-07-16 00:00:15', '2019-07-16 00:00:15'),
(36, 38, 'Maymie Schoen', 'Ullam reiciendis omnis enim mollitia cupiditate suscipit. Magni molestias quas assumenda laudantium at accusantium. Molestias temporibus consequatur modi natus.', 2, '2019-07-16 00:00:15', '2019-07-16 00:00:15'),
(37, 39, 'Aisha Erdman DVM', 'Ea qui quibusdam molestias. Enim necessitatibus mollitia et ducimus. Odit et voluptatem ratione explicabo temporibus.', 0, '2019-07-16 00:00:15', '2019-07-16 00:00:15'),
(38, 14, 'Ena Torphy', 'Sed repudiandae et earum. Odit autem qui earum voluptatibus autem.', 3, '2019-07-16 00:00:15', '2019-07-16 00:00:15'),
(39, 30, 'Miss Shanna Kihn Sr.', 'Qui sunt sunt nulla molestias nobis inventore. Odit hic iste illo aut modi iste molestiae. Nulla porro ea accusamus non et tempora. Ut unde nemo et voluptas eos placeat.', 5, '2019-07-16 00:00:15', '2019-07-16 00:00:15'),
(40, 2, 'Miss Providenci Dietrich', 'Natus iusto ea occaecati et voluptas dolores ducimus. Et dolorem odio sint eum. Quia veritatis et qui velit repellat. Exercitationem dolores dolor deleniti necessitatibus et.', 3, '2019-07-16 00:00:15', '2019-07-16 00:00:15'),
(41, 10, 'Ursula Wuckert', 'Libero iusto est cumque voluptates eos. Hic voluptatem qui commodi adipisci facere ab autem.', 0, '2019-07-16 00:00:15', '2019-07-16 00:00:15'),
(42, 23, 'Monroe Jones', 'Accusantium aliquid quaerat et porro. Eligendi soluta libero ut qui placeat aperiam minus. Alias id molestias non similique.', 4, '2019-07-16 00:00:15', '2019-07-16 00:00:15'),
(43, 36, 'Chanel Jones', 'Saepe molestias iste facilis. Molestiae et et qui ut aut sunt non voluptatum. Nihil animi consequatur quo.', 2, '2019-07-16 00:00:15', '2019-07-16 00:00:15'),
(44, 28, 'Deja Streich', 'Et quaerat molestias enim culpa sapiente. Suscipit architecto saepe ea voluptates assumenda. Quos itaque quidem nobis aperiam aliquid reprehenderit. Nostrum ea quaerat non voluptatem.', 1, '2019-07-16 00:00:15', '2019-07-16 00:00:15'),
(45, 12, 'Prof. Gregorio Muller MD', 'Ullam fugit cumque consequuntur nulla alias voluptas rerum. Omnis atque corporis qui nihil nemo. Nesciunt excepturi at sit aut expedita fuga aut.', 0, '2019-07-16 00:00:15', '2019-07-16 00:00:15'),
(46, 27, 'Pearlie Torp', 'Occaecati aut id et illum. Aliquam vel nulla aut dolores. Dignissimos magnam delectus minus cupiditate vero magnam.', 0, '2019-07-16 00:00:15', '2019-07-16 00:00:15'),
(47, 19, 'Daphney McDermott', 'Quibusdam facere nulla est. Aut voluptate aut sed ipsa delectus unde. Et dolor dolores magni ullam placeat optio enim. Velit eum est quo. Architecto et distinctio tenetur nisi.', 3, '2019-07-16 00:00:15', '2019-07-16 00:00:15'),
(48, 37, 'Salvador Miller', 'Aspernatur deleniti doloribus eaque. Labore aut blanditiis ullam porro quidem ut. Expedita amet fugiat qui quod sed earum. Quod consequatur dolorem ipsum repellendus.', 2, '2019-07-16 00:00:15', '2019-07-16 00:00:15'),
(49, 48, 'Dr. Emil Klein', 'Aut excepturi facere provident vel quia. Aliquid non illo labore saepe dignissimos dignissimos. Ipsa debitis molestias quo autem. Aut dolorem tempora odio dolorem et consectetur.', 4, '2019-07-16 00:00:15', '2019-07-16 00:00:15'),
(50, 32, 'Wilma Hegmann', 'Dolorem ipsam facere consequatur ut consequatur et. Eum exercitationem consequuntur ea architecto et. Ut ullam quia fuga optio. Voluptatibus quibusdam pariatur alias voluptas reiciendis natus aspernatur.', 5, '2019-07-16 00:00:15', '2019-07-16 00:00:15'),
(51, 12, 'Jamal Cartwright', 'Facere rerum blanditiis possimus corrupti. Amet corporis dolor est fugit a adipisci. Voluptatem excepturi ut voluptatem illo rerum sit qui.', 5, '2019-07-16 00:00:15', '2019-07-16 00:00:15'),
(52, 18, 'Santos Gusikowski', 'Ut voluptatibus excepturi deleniti eos beatae. Quo ab vitae autem necessitatibus. Deleniti ex iste suscipit officia aut alias. Ipsa repudiandae tenetur quaerat asperiores voluptas cum et.', 5, '2019-07-16 00:00:15', '2019-07-16 00:00:15'),
(53, 14, 'Lamar Ward', 'Et pariatur totam dolorum atque adipisci possimus. Voluptatem ut nesciunt id voluptatem. Hic fugiat dicta veritatis est eaque nisi quo. Quis harum laborum nihil cupiditate. Et exercitationem est dolores at reiciendis.', 4, '2019-07-16 00:00:16', '2019-07-16 00:00:16'),
(54, 38, 'Dallas Legros', 'Cupiditate omnis odit molestias possimus. Consectetur beatae voluptatum aut magni aut totam illo. Commodi repellendus exercitationem vitae vitae. Quae mollitia quibusdam cupiditate vel et ut dolorum.', 0, '2019-07-16 00:00:16', '2019-07-16 00:00:16'),
(55, 23, 'Lenna Lynch', 'Quas necessitatibus consequatur aut ut reiciendis ratione. Ut laboriosam doloribus rerum deserunt dolores qui et. Iusto assumenda quaerat reprehenderit.', 0, '2019-07-16 00:00:16', '2019-07-16 00:00:16'),
(56, 11, 'Else Boyer', 'Non nesciunt delectus nesciunt harum voluptatem qui sit. Nihil itaque aut repellendus rerum. Dolorem omnis quae non autem ut voluptatem praesentium. Quaerat voluptas omnis magnam est omnis. Pariatur eaque quia vel repellat repudiandae beatae.', 1, '2019-07-16 00:00:16', '2019-07-16 00:00:16'),
(57, 25, 'Josephine Waters III', 'Maiores commodi accusamus est quisquam architecto voluptas doloribus sed. Dolor perspiciatis aut adipisci dolorem.', 5, '2019-07-16 00:00:16', '2019-07-16 00:00:16'),
(58, 27, 'Dominic Schuster', 'A libero saepe corporis. Non est laudantium nisi non voluptas. Animi repudiandae eligendi consectetur dicta officia.', 1, '2019-07-16 00:00:16', '2019-07-16 00:00:16'),
(59, 33, 'Monte Considine', 'Exercitationem iusto dolor voluptates est sit. Ut beatae aut omnis perspiciatis quos nisi non. Corporis quidem sapiente optio voluptate rerum. Tempora porro iste repudiandae ad beatae.', 5, '2019-07-16 00:00:16', '2019-07-16 00:00:16'),
(60, 6, 'Gerardo Reichert DVM', 'Velit a voluptatem cupiditate odit ut nam. Incidunt deleniti dolorum ducimus exercitationem laudantium tempore. Voluptate qui suscipit non. Deleniti quasi eius velit sequi fugiat magnam nulla a.', 2, '2019-07-16 00:00:16', '2019-07-16 00:00:16'),
(61, 32, 'Marilie Rohan', 'Accusamus blanditiis illum iste perspiciatis. Tempore hic id vel iste odio provident. Quidem esse necessitatibus ut magni praesentium molestiae quia. Et optio veritatis eos eligendi ipsa dicta. Dolor in molestiae minus aliquid.', 1, '2019-07-16 00:00:16', '2019-07-16 00:00:16'),
(62, 15, 'Dr. Retta Mante', 'Ut voluptates ducimus quibusdam rerum distinctio animi qui. A et voluptatem atque ut dolore vitae voluptatem. Omnis nihil ullam aut necessitatibus. Aliquid assumenda modi labore porro non et.', 1, '2019-07-16 00:00:16', '2019-07-16 00:00:16'),
(63, 44, 'Carli Windler', 'Quis sunt necessitatibus recusandae minus corrupti consectetur qui. Id sed eos similique omnis reprehenderit. Sunt consequuntur aut culpa qui.', 2, '2019-07-16 00:00:16', '2019-07-16 00:00:16'),
(64, 31, 'Eldridge Gottlieb', 'Repudiandae nihil quis similique maxime aut. Sequi molestiae deserunt labore quo magni repudiandae repellendus. Reiciendis nesciunt consequatur nulla dolores quod error adipisci. Est dolore ipsum at dolores aut rem quibusdam.', 3, '2019-07-16 00:00:16', '2019-07-16 00:00:16'),
(65, 7, 'Dr. Lonnie Wehner', 'Aut libero consequatur aliquam hic est et. Earum et repellendus nobis. Recusandae ut nobis laborum quis sit cumque voluptas. Nulla beatae optio quod corporis.', 0, '2019-07-16 00:00:16', '2019-07-16 00:00:16'),
(66, 21, 'Philip Pfannerstill', 'Mollitia qui praesentium itaque dolore molestiae. Quo omnis optio quisquam asperiores accusamus. Voluptas occaecati veritatis placeat occaecati aperiam rem.', 2, '2019-07-16 00:00:16', '2019-07-16 00:00:16'),
(67, 14, 'Kendra Kozey', 'Quam autem reiciendis voluptatem qui. Est qui et saepe perferendis iste. Consectetur ut minus exercitationem numquam et.', 3, '2019-07-16 00:00:16', '2019-07-16 00:00:16'),
(68, 17, 'Dr. Julie Jacobson', 'Tempora dolore et ipsa dolor. Delectus sed aliquid ex optio molestias praesentium. Nobis doloribus aut qui commodi. Voluptatem doloremque voluptatem cum optio.', 1, '2019-07-16 00:00:16', '2019-07-16 00:00:16'),
(69, 26, 'Marion Friesen', 'Et nesciunt saepe omnis id. Similique odio quisquam totam nobis. Qui deserunt quia esse voluptas qui expedita vel. Dolorum voluptatum unde laboriosam. Maxime consectetur tempora velit a voluptatem dolores ut ut.', 4, '2019-07-16 00:00:17', '2019-07-16 00:00:17'),
(70, 29, 'Prof. Diamond Ryan Jr.', 'Doloremque alias ipsam omnis suscipit omnis. Quaerat est ipsum repudiandae consequatur adipisci dolor est voluptatem. Eligendi libero qui nostrum adipisci unde totam et.', 2, '2019-07-16 00:00:17', '2019-07-16 00:00:17'),
(71, 19, 'Lucy Little', 'Amet facilis vero eius voluptatibus occaecati perferendis. Blanditiis harum quis et fuga similique. Voluptatem aut natus et vel temporibus. Dicta aut fugiat et sint aut.', 0, '2019-07-16 00:00:17', '2019-07-16 00:00:17'),
(72, 8, 'Helene King', 'Quasi ut vel blanditiis asperiores quod cum. Cupiditate magnam repudiandae vel ut fuga doloremque pariatur asperiores.', 1, '2019-07-16 00:00:17', '2019-07-16 00:00:17'),
(73, 1, 'Elta Koch', 'Tempora hic et suscipit ea dolores saepe quia. Dolor enim tempore veritatis exercitationem laudantium sint commodi. In reprehenderit eos sint qui enim et consequatur.', 2, '2019-07-16 00:00:17', '2019-07-16 00:00:17'),
(74, 42, 'Wayne Luettgen', 'Quibusdam autem nulla quisquam cupiditate est est. Harum ullam sit quia ea consequatur laborum a at. Reiciendis veritatis tenetur maxime fuga ut aperiam. Odio provident repudiandae id velit voluptatem fuga praesentium.', 1, '2019-07-16 00:00:17', '2019-07-16 00:00:17'),
(75, 11, 'Dr. Lavina Bayer III', 'Expedita velit rerum et vitae quaerat cupiditate. Provident nulla dolorem et asperiores et. Laboriosam necessitatibus recusandae quae distinctio.', 3, '2019-07-16 00:00:17', '2019-07-16 00:00:17'),
(76, 33, 'Elinor Gleichner', 'Minima est aut sint eaque. Explicabo nam quae quo rem nihil nesciunt. Odit quisquam aperiam quia alias maxime.', 5, '2019-07-16 00:00:17', '2019-07-16 00:00:17'),
(77, 40, 'Ciara Klocko', 'Nesciunt quidem ea et doloribus. Adipisci quisquam enim quaerat itaque labore. Est nostrum pariatur quasi aut. Officia iure nobis libero ipsam.', 5, '2019-07-16 00:00:17', '2019-07-16 00:00:17'),
(78, 33, 'Steve Prosacco', 'Eveniet pariatur debitis nobis tempore iure aut nobis. Iusto distinctio enim possimus rerum vel atque atque. Sint inventore neque ipsam et maxime dolores laborum. Natus asperiores accusantium ipsa voluptatem.', 3, '2019-07-16 00:00:17', '2019-07-16 00:00:17'),
(79, 44, 'Ezra Haley', 'Quibusdam praesentium ut dolorem cupiditate consequatur reprehenderit. Ad hic voluptas odio fuga. Consequuntur quam est porro qui.', 5, '2019-07-16 00:00:17', '2019-07-16 00:00:17'),
(80, 3, 'Brook Murazik', 'Aut provident vitae quasi quidem. Reprehenderit quae unde aut sunt alias repellat sunt autem. Omnis voluptas voluptas corporis ut accusantium ducimus nihil. Consectetur maiores voluptas rem est est.', 4, '2019-07-16 00:00:17', '2019-07-16 00:00:17'),
(81, 28, 'Dr. Josiane O\'Hara', 'Enim molestiae a rem rerum et ut. Aperiam totam necessitatibus ipsam est autem corporis voluptatibus. In laboriosam perspiciatis ut sit est aut.', 1, '2019-07-16 00:00:17', '2019-07-16 00:00:17'),
(82, 10, 'Margret Mosciski', 'Eveniet iste assumenda mollitia vel. Rerum sunt rerum rerum quod repellendus et et temporibus.', 1, '2019-07-16 00:00:17', '2019-07-16 00:00:17'),
(83, 35, 'Mr. Alf Hodkiewicz II', 'Dolor excepturi velit omnis in eos est cupiditate. Nulla tempore soluta et odit eum inventore. Voluptas vel ex aut molestiae illo suscipit optio quia. Eaque ut aut sapiente voluptatum voluptatem et.', 4, '2019-07-16 00:00:17', '2019-07-16 00:00:17'),
(84, 11, 'Prof. Selina Rau V', 'Et eius eaque reprehenderit qui quae iusto. Labore sit maiores vel at enim suscipit facilis. Non quas sit quibusdam excepturi rerum. Perferendis minus facilis et.', 5, '2019-07-16 00:00:18', '2019-07-16 00:00:18'),
(85, 12, 'Carlo Cremin', 'Eum molestiae neque eius quia. Sequi vel quasi dolorum minus dignissimos. Velit dolores aut rerum.', 3, '2019-07-16 00:00:18', '2019-07-16 00:00:18'),
(86, 48, 'Mr. Raymond Schaden', 'Culpa qui accusantium quibusdam nesciunt dolorem labore corrupti. Fugit est rerum et labore sint modi esse deserunt. Ex et impedit similique sit in repellendus.', 2, '2019-07-16 00:00:18', '2019-07-16 00:00:18'),
(87, 17, 'Cameron Yost', 'Quasi totam laudantium ea voluptas neque non. Voluptatum nemo ipsa repudiandae facilis excepturi. Earum consequatur voluptatem eaque.', 4, '2019-07-16 00:00:18', '2019-07-16 00:00:18'),
(88, 2, 'Annetta Kub', 'Assumenda nesciunt officia quaerat unde. Cupiditate nostrum libero est corporis rerum non et.', 4, '2019-07-16 00:00:18', '2019-07-16 00:00:18'),
(89, 22, 'Albina Batz', 'Rerum enim voluptatem magnam libero laboriosam libero. Maiores facere quas vel eum quas. Nihil voluptatibus officiis quisquam quod ut similique est. Corporis nobis qui provident nihil rerum sunt ad quod.', 0, '2019-07-16 00:00:18', '2019-07-16 00:00:18'),
(90, 22, 'Deion Rempel', 'Soluta quaerat modi sint facilis pariatur animi sed tempora. Ut officiis temporibus aut debitis quas voluptas. Odit dolor qui qui. Recusandae repellat qui aut dignissimos.', 5, '2019-07-16 00:00:18', '2019-07-16 00:00:18'),
(91, 42, 'Keira Braun', 'Sed deserunt officia tenetur quis vel. Mollitia eligendi sed natus. Soluta debitis aut laboriosam esse.', 5, '2019-07-16 00:00:18', '2019-07-16 00:00:18'),
(92, 42, 'Josefina Ankunding MD', 'Et unde autem fugiat deserunt quam incidunt. Modi veritatis ipsam vitae fugit. Nihil eum praesentium non quisquam nobis qui.', 1, '2019-07-16 00:00:18', '2019-07-16 00:00:18'),
(93, 25, 'Dr. Jacky Keebler', 'Vel aperiam optio aut deserunt odio voluptatibus maxime. Quos qui possimus ea. In tenetur velit ut dolor aut dolores. Quisquam ea eos hic quod nesciunt aspernatur ipsum.', 3, '2019-07-16 00:00:18', '2019-07-16 00:00:18'),
(94, 50, 'Prof. Russell Casper', 'Impedit quis quis omnis. Ipsam voluptatem voluptas cum beatae inventore eum. Assumenda ullam aut et velit ratione.', 2, '2019-07-16 00:00:18', '2019-07-16 00:00:18'),
(95, 48, 'Mrs. Marlee Towne Jr.', 'Nam molestiae labore maiores enim provident. Et beatae impedit et delectus vel et provident id. Dolor sed suscipit necessitatibus ratione iste eum alias.', 4, '2019-07-16 00:00:18', '2019-07-16 00:00:18'),
(96, 11, 'Flo McDermott', 'Ut et blanditiis sapiente voluptatibus quos soluta quis. Est fugiat accusantium dolore nostrum quam cumque. Velit dolore atque accusamus voluptatum praesentium tempore. Aut voluptatem eos ab fugiat debitis consequatur.', 0, '2019-07-16 00:00:18', '2019-07-16 00:00:18'),
(97, 19, 'Whitney Zulauf', 'Vero aperiam incidunt nobis officia et. Sapiente aut reprehenderit impedit tenetur. Sit laboriosam qui animi consectetur. Tempora id maxime non non.', 4, '2019-07-16 00:00:18', '2019-07-16 00:00:18'),
(98, 30, 'Ms. Rae Johnson', 'Consectetur ea error consequatur aperiam sit praesentium cum id. Nulla quia occaecati ea est sint voluptas totam. Eius ratione incidunt vero omnis et cupiditate aut. Labore voluptatum doloribus laborum facilis inventore quibusdam laborum.', 1, '2019-07-16 00:00:18', '2019-07-16 00:00:18'),
(99, 32, 'Ophelia Cronin', 'Omnis corrupti labore autem mollitia fugit expedita et. Ad atque laborum molestias.', 1, '2019-07-16 00:00:19', '2019-07-16 00:00:19'),
(100, 44, 'Evelyn Hoeger', 'Voluptatem possimus dignissimos deserunt exercitationem nisi dolorem consequatur. Perspiciatis a repellat officiis sit. Voluptatem veritatis quibusdam et aperiam rerum minima consequuntur quaerat. Dicta recusandae ab possimus reiciendis porro ut sapiente.', 5, '2019-07-16 00:00:19', '2019-07-16 00:00:19'),
(101, 44, 'Cali Walker III', 'Ut vitae vitae saepe nulla qui sint. Beatae est quam sit sed atque eos. Molestias qui amet dolorem reiciendis. Labore error fugit voluptas.', 3, '2019-07-16 00:00:19', '2019-07-16 00:00:19'),
(102, 12, 'Abdiel Deckow', 'Consectetur quia sed dolorem consectetur repellendus reiciendis consequuntur. Nam est cupiditate eligendi. Deleniti temporibus explicabo ipsam natus.', 1, '2019-07-16 00:00:19', '2019-07-16 00:00:19'),
(103, 4, 'Anastacio Kuphal I', 'Architecto ratione maiores explicabo dicta eos. Et temporibus et magni quia. Magni suscipit eos esse rerum unde.', 1, '2019-07-16 00:00:19', '2019-07-16 00:00:19'),
(104, 7, 'Dorthy Zboncak', 'Deserunt blanditiis occaecati voluptas sunt perspiciatis quis. Amet et repellendus autem dicta eum. Ut incidunt voluptas est possimus.', 4, '2019-07-16 00:00:19', '2019-07-16 00:00:19'),
(105, 10, 'Kennedy Kuhlman', 'Incidunt ut odit dolore ut quia. Accusamus est cupiditate quo deserunt et. Mollitia maiores accusantium aut voluptates recusandae.', 5, '2019-07-16 00:00:19', '2019-07-16 00:00:19'),
(106, 42, 'Alanna Effertz', 'Soluta cum veritatis nisi dolor. Rerum error deserunt quidem aperiam possimus non molestiae esse. Ullam voluptatem quibusdam eos consequatur quam ea ea numquam.', 0, '2019-07-16 00:00:19', '2019-07-16 00:00:19'),
(107, 18, 'Kayli Eichmann', 'Ut consequatur voluptate ipsa ut modi dolores. Veritatis ipsa hic et libero. Ipsam a voluptatem excepturi voluptatem natus. Aliquid ipsam sed provident sequi.', 3, '2019-07-16 00:00:19', '2019-07-16 00:00:19'),
(108, 30, 'Magnus Ziemann', 'Tenetur inventore dolor pariatur qui voluptatem dolorum. Pariatur ullam dolorem quas voluptatem enim. Eos temporibus animi et voluptatibus expedita illum. Quam impedit mollitia ullam ad non veritatis fuga.', 5, '2019-07-16 00:00:19', '2019-07-16 00:00:19'),
(109, 13, 'Carolanne Toy', 'Excepturi laborum consequatur laboriosam quia reiciendis. Magnam ad laudantium natus voluptatem. Deserunt explicabo assumenda illo aliquam tempora dolor consequatur.', 3, '2019-07-16 00:00:19', '2019-07-16 00:00:19'),
(110, 13, 'Prof. Geovanny Rutherford', 'Odio neque est dolore architecto. Numquam placeat velit omnis aspernatur aspernatur nemo rerum. Quaerat voluptas impedit dignissimos.', 3, '2019-07-16 00:00:19', '2019-07-16 00:00:19'),
(111, 43, 'Zola Cole', 'Molestiae quos ut rem et quasi quam odit itaque. Commodi cum aut in id voluptatem voluptatem. Et quis repellendus rem natus aut sapiente cum. Iste nemo pariatur rerum temporibus architecto.', 3, '2019-07-16 00:00:19', '2019-07-16 00:00:19'),
(112, 19, 'Alena Kling Jr.', 'Nemo porro sunt autem eaque consequuntur temporibus. Beatae fuga nihil aspernatur provident sit ex. Possimus ab quos tenetur et autem. Velit dolor labore quia ducimus sit.', 5, '2019-07-16 00:00:19', '2019-07-16 00:00:19'),
(113, 1, 'Mary Blanda', 'Suscipit laboriosam architecto modi eum pariatur est sint. Cum nisi nulla eos facere.', 5, '2019-07-16 00:00:19', '2019-07-16 00:00:19'),
(114, 26, 'Mr. Devante Kuhic', 'Totam fuga sit omnis. Dolor voluptas et qui voluptas tempore voluptatem quis. Omnis et ea similique numquam corporis eaque non illum. Aperiam molestiae dolorum molestiae fuga.', 2, '2019-07-16 00:00:19', '2019-07-16 00:00:19'),
(115, 29, 'Mrs. Aubrey Parisian', 'Velit voluptatem et omnis excepturi nemo deserunt alias. Et aut at iusto dolores. Quasi cupiditate deleniti libero sit. Voluptas impedit ut quia quo ratione.', 1, '2019-07-16 00:00:20', '2019-07-16 00:00:20'),
(116, 3, 'Miss Marguerite Schinner', 'Esse suscipit aliquid sit reprehenderit sint commodi. Vel dolorem consequatur ipsa alias rerum. Cupiditate non ratione cumque nam assumenda repellat eos. Maiores qui in quia et omnis vitae. Modi nam rerum dolorem quae atque consectetur iure sit.', 3, '2019-07-16 00:00:20', '2019-07-16 00:00:20'),
(117, 11, 'Prof. Tamara Becker', 'Itaque laudantium debitis consequatur. Illo molestias ipsum modi tenetur praesentium odit. Cumque ut quidem ab maiores id aut ipsa.', 5, '2019-07-16 00:00:20', '2019-07-16 00:00:20'),
(118, 13, 'Hannah Kunze', 'Exercitationem tempora nihil ea autem. Quas vel repellat odio suscipit ducimus aperiam. Autem mollitia rerum nihil vel optio.', 2, '2019-07-16 00:00:20', '2019-07-16 00:00:20'),
(119, 26, 'Maggie Kemmer', 'Qui illo et perspiciatis laboriosam fugit quidem minima. Ut laboriosam et ut omnis sunt qui quisquam. Eum et quibusdam molestias ut autem repellendus deleniti. Vero totam qui consequatur sit sed enim.', 5, '2019-07-16 00:00:20', '2019-07-16 00:00:20'),
(120, 28, 'Mr. Pedro Zemlak MD', 'Reprehenderit perspiciatis sit odit voluptate. Quos cupiditate at nemo et sed exercitationem debitis. Ut doloremque sequi doloribus molestias animi et officiis explicabo.', 5, '2019-07-16 00:00:20', '2019-07-16 00:00:20'),
(121, 7, 'Mr. Mckenna Little DDS', 'Debitis sed in deserunt quo et accusamus. Aut quis et dolorum iste eum est libero assumenda.', 0, '2019-07-16 00:00:20', '2019-07-16 00:00:20'),
(122, 49, 'Mr. Ezra Reichert', 'Ab et voluptate ut aut eius sed. Odio est sed enim sed non ut et. Culpa exercitationem eum dolorem libero eaque beatae. Neque eos rerum beatae sit.', 4, '2019-07-16 00:00:20', '2019-07-16 00:00:20'),
(123, 27, 'Elouise Hettinger', 'Quia iure officia debitis sed doloribus. Ipsum sequi qui autem. Aut quae qui quia qui ipsa autem rem. Earum et rerum perferendis.', 4, '2019-07-16 00:00:20', '2019-07-16 00:00:20'),
(124, 47, 'Prof. Esmeralda Runte', 'Voluptas optio illum incidunt consectetur deleniti voluptatem. Velit aut non aut natus doloremque maxime quisquam libero. Non in omnis incidunt a.', 5, '2019-07-16 00:00:20', '2019-07-16 00:00:20'),
(125, 38, 'Lizzie Lindgren', 'Vitae vel voluptatum possimus reprehenderit aliquam. Corrupti quia enim alias et similique perspiciatis qui. Veritatis sed repellendus et debitis laudantium.', 2, '2019-07-16 00:00:20', '2019-07-16 00:00:20'),
(126, 29, 'Alysson Auer', 'Omnis eos cum dolores quidem aut sed incidunt. Velit quidem quo porro saepe ipsam voluptatibus iure. Quia qui eius dicta commodi est provident ratione.', 0, '2019-07-16 00:00:20', '2019-07-16 00:00:20'),
(127, 22, 'Ms. Shakira Douglas III', 'Expedita ea aut quia consequuntur incidunt sequi sunt. Odit eveniet ut iste omnis. Inventore excepturi iste eum voluptatem dolorum sequi iste non. Veniam deleniti est aliquid adipisci dolor.', 5, '2019-07-16 00:00:20', '2019-07-16 00:00:20'),
(128, 30, 'Grover Stanton', 'Non adipisci voluptatem sint non. Aut vero sit inventore tempore adipisci consectetur sint. Libero unde est omnis odio.', 2, '2019-07-16 00:00:20', '2019-07-16 00:00:20'),
(129, 29, 'Tatyana Torp', 'Corporis consequatur rerum commodi. Molestias commodi sit laborum quisquam voluptate deserunt. Adipisci velit voluptates nulla et qui voluptate quibusdam.', 2, '2019-07-16 00:00:20', '2019-07-16 00:00:20'),
(130, 7, 'Mr. Efren Emard', 'Tempora voluptatem quae eum pariatur ab dolores iusto. Laborum est iste aliquid veniam. Esse debitis fugit nihil quibusdam expedita omnis.', 5, '2019-07-16 00:00:20', '2019-07-16 00:00:20'),
(131, 16, 'Alverta Flatley', 'Itaque et repellat non aut quas. Praesentium magnam nisi sed sed delectus qui perferendis impedit. Corporis quos cumque corrupti vel. Eum atque maiores et voluptatibus impedit fugiat sequi sint.', 5, '2019-07-16 00:00:21', '2019-07-16 00:00:21'),
(132, 49, 'Destinee McKenzie', 'Deserunt ullam non rerum molestiae assumenda recusandae. Rerum reiciendis ut qui numquam. Harum minima dignissimos cum amet aut. Et error ipsam magnam nihil voluptate ad harum.', 2, '2019-07-16 00:00:21', '2019-07-16 00:00:21'),
(133, 21, 'Zoe Schmeler', 'Tenetur autem suscipit autem officiis est. Aut porro ducimus provident delectus voluptatem. Impedit iste deleniti minima aut. Nihil dolorem sequi laboriosam illo. Cum placeat eligendi sequi odio et quis.', 0, '2019-07-16 00:00:21', '2019-07-16 00:00:21'),
(134, 42, 'Ms. Hortense Schultz DDS', 'Saepe deserunt sit eos vitae quis omnis. Et ipsa ipsum eum quo. Et dolorem aperiam quia consequatur sed autem minus. Est fugit eveniet dicta qui tempore. Qui consectetur facere itaque qui aut temporibus aut.', 5, '2019-07-16 00:00:21', '2019-07-16 00:00:21'),
(135, 11, 'Ona Ondricka', 'Velit quia debitis magnam consequatur. Doloribus iste maxime vel sunt dolorem vel aut. Consequatur dicta magni veritatis nisi ut.', 3, '2019-07-16 00:00:21', '2019-07-16 00:00:21'),
(136, 11, 'Mr. Juwan O\'Connell', 'Et provident itaque cupiditate reprehenderit. Consequatur atque molestiae at molestiae. Blanditiis non ab nostrum aut perspiciatis a provident. At dolorem optio ut inventore aliquid doloribus est.', 5, '2019-07-16 00:00:21', '2019-07-16 00:00:21'),
(137, 37, 'Prof. Arianna Lubowitz', 'Omnis tempore culpa soluta quia dolor officiis. Eligendi et assumenda sed maiores vel ab in. Non cum ipsa laudantium in impedit.', 4, '2019-07-16 00:00:21', '2019-07-16 00:00:21'),
(138, 45, 'Oral Quitzon', 'Vel distinctio voluptatem reprehenderit illum debitis. Qui a nostrum sunt debitis necessitatibus doloremque repellat. Tempore sed corrupti quia ad neque blanditiis. Porro mollitia aliquid voluptas magnam ex quasi. Fuga quidem atque vel quasi sint blanditiis at consequatur.', 4, '2019-07-16 00:00:21', '2019-07-16 00:00:21'),
(139, 40, 'Prof. Leonie Rippin II', 'Voluptatum at veritatis consequuntur amet adipisci. Accusamus qui eum odio nihil odio dolor. Minima et inventore expedita officia.', 0, '2019-07-16 00:00:21', '2019-07-16 00:00:21'),
(140, 28, 'Mrs. Beverly Larkin', 'Facilis voluptatem tempore similique veritatis ut ab. Velit harum laudantium ipsum harum quos omnis veniam est. Minima eum debitis officia ut ipsum. Qui eveniet qui sint et. Consectetur omnis nemo aut.', 5, '2019-07-16 00:00:21', '2019-07-16 00:00:21'),
(141, 37, 'Carlee Kuhn', 'Voluptatibus aliquam repellendus qui magnam aut est. Adipisci dolores nisi repellat amet velit eos quae. Qui enim vitae aliquid.', 3, '2019-07-16 00:00:21', '2019-07-16 00:00:21'),
(142, 10, 'Kamille Beatty PhD', 'Sapiente itaque reiciendis quae sit. Aut tempore sequi voluptatem voluptas asperiores. Assumenda dolores blanditiis ullam eaque. Aut ut placeat blanditiis aliquid in. Dolor voluptatem dolore dolore et commodi.', 5, '2019-07-16 00:00:21', '2019-07-16 00:00:21'),
(143, 36, 'Glenna Schultz', 'Eos perspiciatis quis quod minus vel. Dignissimos repellendus ut non ut. Cumque qui autem sed velit ut.', 2, '2019-07-16 00:00:21', '2019-07-16 00:00:21'),
(144, 47, 'Elias Schinner MD', 'Adipisci pariatur sequi doloremque vero rerum similique illo. Rerum esse excepturi est adipisci cum mollitia. Amet vitae enim rem perspiciatis esse. Dolorem cum ducimus nihil mollitia sunt aut perferendis voluptatem.', 1, '2019-07-16 00:00:21', '2019-07-16 00:00:21'),
(145, 16, 'Emilie Barrows', 'Dolorem blanditiis mollitia laudantium laudantium magnam perferendis totam. Ad maiores enim repudiandae necessitatibus. Non asperiores quae aut rem delectus corporis eum. Laboriosam vel eveniet molestiae ab repudiandae deserunt.', 1, '2019-07-16 00:00:21', '2019-07-16 00:00:21'),
(146, 43, 'Allene Schuster', 'Adipisci cum eum est voluptatem magni cum. Praesentium voluptatibus debitis corporis officiis et. Necessitatibus cupiditate recusandae corporis.', 0, '2019-07-16 00:00:21', '2019-07-16 00:00:21'),
(147, 31, 'Zoila Hirthe', 'Deserunt eos similique consequatur beatae voluptas distinctio. Aspernatur et illo ut est recusandae quasi. Vel doloribus sit fugit id ab.', 1, '2019-07-16 00:00:21', '2019-07-16 00:00:21'),
(148, 31, 'Prof. Mervin Morissette MD', 'Doloremque quasi neque cum qui consequuntur est. Ipsa commodi impedit qui ad magni dolores. Qui explicabo facilis quasi qui enim alias soluta.', 3, '2019-07-16 00:00:22', '2019-07-16 00:00:22'),
(149, 17, 'Wallace Bernier', 'Ut sint est est beatae facere assumenda. Esse sunt fuga quos adipisci. Incidunt possimus voluptates dolores a. Unde vel quaerat eius a.', 4, '2019-07-16 00:00:22', '2019-07-16 00:00:22'),
(150, 30, 'Mylene Dare MD', 'Ducimus autem consequatur dicta quo blanditiis consequuntur enim et. Nihil dolor eius hic consequatur omnis modi consequatur.', 5, '2019-07-16 00:00:22', '2019-07-16 00:00:22'),
(151, 41, 'Gwen Miller Sr.', 'Non numquam rerum iste. Omnis sit repudiandae quisquam magnam dolorem ut. Labore itaque sint omnis accusantium occaecati est.', 0, '2019-07-16 00:00:22', '2019-07-16 00:00:22'),
(152, 43, 'William Herzog', 'Explicabo laborum enim aut nihil architecto eos iste. Facilis sint quis qui et totam iure et accusantium.', 4, '2019-07-16 00:00:22', '2019-07-16 00:00:22'),
(153, 3, 'Prof. Bessie Goyette DVM', 'Nihil provident quas alias cum odit. Nam quae et et autem alias ut. Sit ut accusantium quaerat et eum praesentium.', 5, '2019-07-16 00:00:22', '2019-07-16 00:00:22'),
(154, 15, 'Dorothy Beahan PhD', 'Et repellendus quisquam voluptate totam iure natus eligendi. Et quod doloribus debitis necessitatibus dicta voluptatum expedita. Nesciunt autem doloribus temporibus sit accusamus.', 4, '2019-07-16 00:00:22', '2019-07-16 00:00:22'),
(155, 4, 'Prof. Genesis Bauch', 'Excepturi cumque fugiat harum. Consequatur cumque reiciendis voluptate rerum nisi recusandae doloribus.', 1, '2019-07-16 00:00:22', '2019-07-16 00:00:22'),
(156, 36, 'Prof. Forrest Kub', 'Itaque assumenda quo est id voluptas ea. Nisi eos est eligendi cum et dolorem. Fugiat reiciendis tempore vero et.', 4, '2019-07-16 00:00:22', '2019-07-16 00:00:22'),
(157, 36, 'Herman Sanford', 'Eum explicabo sed et tenetur excepturi eius doloremque laboriosam. Quisquam enim ut sequi necessitatibus. Quas et iure fugit sed saepe autem ut vel. Beatae et sed dignissimos quia nam quo.', 2, '2019-07-16 00:00:22', '2019-07-16 00:00:22'),
(158, 41, 'Dr. Candelario Hill V', 'Porro est sunt tenetur cupiditate non consequatur. Recusandae corporis saepe temporibus quisquam. Voluptatum qui et nobis quia iusto fuga et.', 3, '2019-07-16 00:00:22', '2019-07-16 00:00:22'),
(159, 26, 'Ms. Candida Dare III', 'Delectus voluptas hic dolores voluptatibus. Quis saepe iure quis beatae consequatur qui. Reprehenderit et facere eos officia.', 5, '2019-07-16 00:00:22', '2019-07-16 00:00:22'),
(160, 17, 'Reed Rath', 'Non voluptas quia dolores adipisci consequuntur. Est officia aliquid reprehenderit et recusandae incidunt. Provident exercitationem molestiae at possimus consequatur ullam maiores.', 0, '2019-07-16 00:00:22', '2019-07-16 00:00:22'),
(161, 8, 'Georgette Kuhic', 'Odio repellat harum ratione. Ab inventore in et rem. Est velit non dolore ut labore esse.', 0, '2019-07-16 00:00:22', '2019-07-16 00:00:22'),
(162, 30, 'Harvey Rath', 'Earum illo minima praesentium repellendus fuga ut vero. Sunt voluptatem ex rerum voluptatem. Et consectetur consequatur quidem excepturi molestias veritatis.', 1, '2019-07-16 00:00:22', '2019-07-16 00:00:22'),
(163, 28, 'Eddie Schmeler', 'Odit vero dolores veritatis porro rerum vero nihil ut. Alias tempora accusamus blanditiis qui. Ut inventore est eius. Blanditiis temporibus quo voluptatem beatae repudiandae.', 0, '2019-07-16 00:00:22', '2019-07-16 00:00:22'),
(164, 10, 'Eloise McDermott', 'Quia beatae repellendus et eligendi ad id velit. Est quisquam omnis veniam. Occaecati quisquam eius voluptas.', 3, '2019-07-16 00:00:22', '2019-07-16 00:00:22'),
(165, 6, 'Aiyana Abbott', 'Unde quae ipsam eum voluptatem numquam suscipit assumenda. Dolores optio ullam maiores beatae. Et ducimus sapiente aspernatur repellat ut perferendis.', 4, '2019-07-16 00:00:22', '2019-07-16 00:00:22'),
(166, 3, 'Robb Okuneva V', 'Ad totam quibusdam blanditiis occaecati eos. Excepturi quis tempore aut accusantium autem. Nihil quasi dolores dolorum sequi sit perspiciatis dicta.', 4, '2019-07-16 00:00:22', '2019-07-16 00:00:22'),
(167, 6, 'Patrick Dooley', 'Voluptas quis ad repellat deserunt pariatur. Et et molestias qui est explicabo enim eos. Qui quos quis natus rem accusantium.', 0, '2019-07-16 00:00:23', '2019-07-16 00:00:23'),
(168, 31, 'Miss Lia Bartell', 'Necessitatibus unde laborum debitis rerum minima qui quia. Facere culpa et nam et iste deserunt illum. Et ea exercitationem deleniti officiis quia sed. Ab iusto numquam voluptas voluptas deleniti quis.', 3, '2019-07-16 00:00:23', '2019-07-16 00:00:23'),
(169, 28, 'Eloise Bayer DDS', 'Dolore suscipit iure est et molestiae occaecati aut. Blanditiis excepturi corrupti ab. Porro quis cupiditate quae praesentium quibusdam at a non.', 2, '2019-07-16 00:00:23', '2019-07-16 00:00:23'),
(170, 4, 'Maya Schamberger', 'Est voluptatem eum fuga aperiam et sed sit. Quidem explicabo sit non error minus consectetur. Error dignissimos aspernatur velit et aut delectus.', 2, '2019-07-16 00:00:23', '2019-07-16 00:00:23'),
(171, 49, 'Rosalee Hartmann DVM', 'In ducimus non vitae corporis. Omnis rerum quae et deleniti qui iure. Aperiam sit est voluptatibus beatae consequatur.', 4, '2019-07-16 00:00:23', '2019-07-16 00:00:23'),
(172, 11, 'Mrs. Summer Donnelly', 'Libero nam totam ipsam omnis sit ullam. Ipsam temporibus et fugiat pariatur. Et cumque corrupti possimus accusamus eaque architecto qui. Assumenda laboriosam distinctio voluptas doloremque doloribus facilis eaque ea.', 1, '2019-07-16 00:00:23', '2019-07-16 00:00:23'),
(173, 47, 'Mr. Helmer Fahey', 'Et qui totam molestiae iure explicabo minima pariatur. Ut esse sint recusandae et et et.', 3, '2019-07-16 00:00:23', '2019-07-16 00:00:23'),
(174, 28, 'Mrs. Imelda Hudson Sr.', 'Ducimus nemo et harum autem debitis ad eligendi. Aut dolorem autem possimus voluptatem perferendis est incidunt sit. Vel itaque occaecati harum debitis.', 5, '2019-07-16 00:00:23', '2019-07-16 00:00:23'),
(175, 8, 'Albertha Deckow', 'Sunt voluptatem maiores labore doloremque unde nemo natus. Vel consequatur odio quia vero vel.', 0, '2019-07-16 00:00:23', '2019-07-16 00:00:23'),
(176, 38, 'Myrl Oberbrunner', 'Magnam ipsum sed ab tempora aut. Possimus quod modi consequatur error omnis voluptatem illum. Dolore hic magnam in atque aperiam. Similique aut aspernatur vel magnam porro maiores sunt.', 1, '2019-07-16 00:00:23', '2019-07-16 00:00:23'),
(177, 2, 'Janessa Lueilwitz II', 'Aut earum sint sed eius dolor exercitationem. Accusamus dolorum eos neque et. Dolor in delectus rerum hic. Pariatur hic quasi similique et voluptatem aut molestias.', 0, '2019-07-16 00:00:23', '2019-07-16 00:00:23'),
(178, 40, 'Filiberto Cremin PhD', 'In fugiat est doloribus ab hic. Ea quia ut vel voluptas ducimus cumque natus. Officiis sit qui qui et eum inventore autem.', 2, '2019-07-16 00:00:23', '2019-07-16 00:00:23'),
(179, 41, 'Frieda Kling', 'Libero veniam voluptas in dolor. Ut veritatis aut et laudantium nobis accusamus unde. Ut doloribus labore est aliquam quisquam veniam laudantium ut.', 5, '2019-07-16 00:00:23', '2019-07-16 00:00:23'),
(180, 40, 'Arianna Casper', 'Eos deleniti totam est quibusdam qui velit ea. Necessitatibus recusandae rem officiis consequuntur cumque qui. Maiores enim dolores vel et et veritatis suscipit perspiciatis.', 1, '2019-07-16 00:00:24', '2019-07-16 00:00:24'),
(181, 25, 'Napoleon Friesen', 'Maiores harum expedita similique asperiores magnam velit et. Maxime consequatur laudantium libero. Quo ullam quia vitae aut incidunt quia. Quia hic autem quisquam voluptatem natus porro ipsum quidem.', 0, '2019-07-16 00:00:24', '2019-07-16 00:00:24'),
(182, 46, 'Sierra Cormier', 'Mollitia ut vel quibusdam et delectus. Vel ratione dolorem qui aspernatur qui sequi ea fugiat. Consectetur qui dolorem nihil dignissimos.', 5, '2019-07-16 00:00:24', '2019-07-16 00:00:24'),
(183, 34, 'Queenie Dietrich IV', 'Quo commodi vitae et quis deleniti dolorem. Debitis repellat voluptas expedita enim explicabo nobis.', 2, '2019-07-16 00:00:24', '2019-07-16 00:00:24'),
(184, 17, 'Eldred Davis', 'Accusamus nobis rerum cupiditate animi dolor minus. Eos voluptatem eos quibusdam iste et.', 4, '2019-07-16 00:00:24', '2019-07-16 00:00:24'),
(185, 22, 'Emile Wolf', 'Qui quia possimus voluptatum laudantium quo voluptas error. Ducimus quia iusto vel dicta quod dolores eaque. Facilis minima eius vel iure consectetur.', 1, '2019-07-16 00:00:24', '2019-07-16 00:00:24'),
(186, 5, 'Archibald Kessler', 'Quia corrupti porro harum ipsum consequatur possimus sed. Odio minus consequatur incidunt praesentium molestiae ut. Nihil sit nulla quaerat qui qui. Incidunt voluptatem quibusdam quae delectus ab architecto.', 2, '2019-07-16 00:00:24', '2019-07-16 00:00:24'),
(187, 20, 'Dedrick Jacobs', 'Et laudantium autem quae accusantium molestiae. Est ut fugit quam quidem vitae perferendis. Explicabo vel eum reprehenderit sed dolor.', 1, '2019-07-16 00:00:24', '2019-07-16 00:00:24'),
(188, 19, 'Lizzie Gerlach', 'Et dolore dolores possimus omnis repudiandae placeat. Voluptas sapiente nobis qui necessitatibus fugit mollitia ut provident. Et atque quas iste. Quod ut est sunt maiores aut velit consequatur. Consequatur eos sed ratione debitis et natus maiores asperiores.', 2, '2019-07-16 00:00:24', '2019-07-16 00:00:24'),
(189, 39, 'Ladarius Farrell DDS', 'Ut itaque dolore suscipit et ut veniam. Doloribus quia aut aut alias quibusdam laboriosam saepe non.', 3, '2019-07-16 00:00:24', '2019-07-16 00:00:24'),
(190, 36, 'Dr. Emmanuel Bechtelar V', 'Consectetur dicta eos velit cum voluptas dolor. Quibusdam voluptates est repudiandae rerum. Culpa nisi harum impedit.', 5, '2019-07-16 00:00:24', '2019-07-16 00:00:24'),
(191, 24, 'Ethel Jacobi', 'Iusto et error odit dolorem odio. Aut sint et rem vel et maiores. Et perferendis numquam qui modi ea occaecati aliquam.', 0, '2019-07-16 00:00:24', '2019-07-16 00:00:24'),
(192, 1, 'Cydney Stamm DDS', 'Deserunt eligendi distinctio reiciendis similique quis. Molestiae perferendis eveniet fugiat perspiciatis id eaque. Explicabo quaerat delectus consequuntur modi molestiae. Fuga eaque in atque.', 2, '2019-07-16 00:00:24', '2019-07-16 00:00:24'),
(193, 42, 'Robin Dickinson', 'Consequuntur et aut quas laborum maiores maxime. Et consectetur minima deserunt deleniti sed et. Modi a labore iste.', 1, '2019-07-16 00:00:25', '2019-07-16 00:00:25'),
(194, 11, 'Norene Monahan', 'Voluptatem accusamus non autem impedit voluptatem reprehenderit fuga. Quo dolor incidunt magni excepturi autem quis. Veritatis consequatur cupiditate quia pariatur qui temporibus. Autem ut laboriosam possimus. Qui qui recusandae quibusdam ea placeat minus.', 3, '2019-07-16 00:00:25', '2019-07-16 00:00:25'),
(195, 33, 'Mr. Reynold Ryan', 'Voluptatem aperiam eum magnam quas quisquam et porro magnam. Eos ad nihil provident necessitatibus illo.', 2, '2019-07-16 00:00:25', '2019-07-16 00:00:25'),
(196, 30, 'Jean Turcotte DDS', 'Totam cum sed fugiat quidem sequi. Dolore error voluptatem voluptatem animi animi qui. Nihil neque accusamus culpa eos adipisci vero debitis quae. Dolorem sit consequuntur ducimus dolor numquam hic eaque.', 2, '2019-07-16 00:00:25', '2019-07-16 00:00:25'),
(197, 33, 'Krista Lang', 'Cumque quisquam eum earum natus. Deleniti et suscipit sed facere quam ullam tempore. Perspiciatis mollitia maxime vero rerum nesciunt.', 4, '2019-07-16 00:00:25', '2019-07-16 00:00:25'),
(198, 32, 'Aiyana Mayert', 'Voluptatibus illum quibusdam sunt inventore et tempore. Numquam est tenetur ut voluptas accusantium et qui.', 0, '2019-07-16 00:00:25', '2019-07-16 00:00:25'),
(199, 36, 'Dr. Madisyn Kuhlman Sr.', 'Mollitia ut velit quo porro impedit. Ab aliquam earum voluptatem beatae. In autem qui amet et. Et ex explicabo dolores alias est et occaecati. Et ea quidem recusandae.', 4, '2019-07-16 00:00:25', '2019-07-16 00:00:25'),
(200, 27, 'Ottis Marks', 'Aut aut cumque quam inventore debitis voluptas totam. Et animi corrupti fuga quas a. Non quia aspernatur eveniet sed perspiciatis sit ut.', 4, '2019-07-16 00:00:25', '2019-07-16 00:00:25'),
(201, 40, 'Lane Toy', 'Non eveniet ipsam voluptas aspernatur quae. Quas dolorem quibusdam facilis voluptatem. Beatae inventore pariatur alias ipsam nemo.', 1, '2019-07-16 00:00:25', '2019-07-16 00:00:25'),
(202, 15, 'Ms. Itzel Murphy IV', 'Impedit quas hic et eligendi id tenetur. Laborum tempore quo necessitatibus. Ex est accusamus ipsam occaecati consequatur animi recusandae.', 3, '2019-07-16 00:00:25', '2019-07-16 00:00:25'),
(203, 48, 'Myrtle Heathcote', 'Deserunt sapiente tempora molestiae velit laudantium rerum. Sint ducimus dolore aspernatur totam illo perferendis. Dignissimos ea rem non. Quod et officiis quo error ea doloremque.', 1, '2019-07-16 00:00:25', '2019-07-16 00:00:25'),
(204, 37, 'Ashlynn Ledner Jr.', 'Alias officiis optio blanditiis iste. Et ex repudiandae ut et corporis a pariatur. A voluptate architecto placeat consequatur molestiae autem.', 1, '2019-07-16 00:00:25', '2019-07-16 00:00:25'),
(205, 34, 'Enrique Wiza', 'Eius beatae sit sint cumque. Quia doloribus suscipit assumenda cumque. Adipisci voluptatibus aut et quae fuga. Quis natus nihil voluptatum facere debitis atque consequatur odit.', 3, '2019-07-16 00:00:25', '2019-07-16 00:00:25'),
(206, 41, 'Prof. Aliza Simonis', 'In sit aliquam minima omnis. Doloribus id ipsum voluptatem itaque sit numquam consequatur. Aut quia possimus culpa tenetur similique.', 3, '2019-07-16 00:00:25', '2019-07-16 00:00:25'),
(207, 44, 'Celestino Bailey', 'Et iure autem cum impedit ab. Quaerat aut voluptatem asperiores excepturi esse adipisci. Labore sed nemo et.', 0, '2019-07-16 00:00:25', '2019-07-16 00:00:25'),
(208, 10, 'Vickie Moen', 'Qui ea laborum odit quasi eaque nesciunt repudiandae est. Neque in dolores sint dolor dolores. Omnis non amet natus debitis.', 4, '2019-07-16 00:00:26', '2019-07-16 00:00:26'),
(209, 5, 'Prof. Enrico Weissnat I', 'Non magnam et facilis in similique necessitatibus adipisci. Et omnis assumenda ducimus.', 1, '2019-07-16 00:00:26', '2019-07-16 00:00:26'),
(210, 16, 'Bette Considine', 'Ut magnam tenetur qui magni ut consequatur debitis est. Consequatur voluptas similique at facere et omnis voluptatum impedit. Consequatur repudiandae laboriosam id quod mollitia.', 5, '2019-07-16 00:00:26', '2019-07-16 00:00:26');
INSERT INTO `reviews` (`id`, `product_id`, `customer`, `review`, `star`, `created_at`, `updated_at`) VALUES
(211, 50, 'Mr. Finn Herman', 'Iusto blanditiis voluptatem non enim distinctio earum. Natus dolores pariatur aliquam delectus. Iste harum quia eligendi iusto. Repudiandae tempore dolor id facere.', 4, '2019-07-16 00:00:26', '2019-07-16 00:00:26'),
(212, 5, 'Dianna DuBuque', 'Vero enim aut ut nihil dolorem soluta. Suscipit eum sit perspiciatis optio quod. Dicta ab consectetur itaque.', 4, '2019-07-16 00:00:26', '2019-07-16 00:00:26'),
(213, 4, 'Mariela Okuneva', 'Laudantium asperiores saepe qui deserunt aliquam alias harum. Porro modi id natus dolorum quam molestiae. Minima modi reprehenderit architecto qui id tempora. Eos rerum sit dolores rerum et natus aut.', 1, '2019-07-16 00:00:26', '2019-07-16 00:00:26'),
(214, 21, 'Elenora Koch', 'Molestiae voluptas autem id rerum qui. Quia ad voluptatem omnis aut ea doloribus suscipit aliquid. Consequatur aspernatur a eligendi et deleniti fugit sed. Dolores commodi ex nam aut.', 5, '2019-07-16 00:00:26', '2019-07-16 00:00:26'),
(215, 22, 'Jocelyn Herzog MD', 'Temporibus consequatur molestiae ullam molestias minus qui. Corporis maxime ratione ipsum quia. Accusamus cum unde nemo cum.', 5, '2019-07-16 00:00:26', '2019-07-16 00:00:26'),
(216, 18, 'Tianna Wisoky', 'Beatae harum ut labore et accusantium cumque inventore. Sapiente quam consequatur ex vel consequatur molestias est. Saepe cupiditate numquam assumenda sunt. Omnis commodi deleniti et minima sunt dolores excepturi.', 2, '2019-07-16 00:00:26', '2019-07-16 00:00:26'),
(217, 17, 'Andreane Williamson', 'Expedita minus odio sint consectetur aperiam. Id impedit est dolor porro voluptatem. Sunt est cum excepturi aut sit. Iste ea in eaque delectus esse natus officiis.', 5, '2019-07-16 00:00:26', '2019-07-16 00:00:26'),
(218, 19, 'Prof. Marco Volkman V', 'Inventore iste asperiores molestias et delectus alias perferendis. Doloribus beatae consequatur error reiciendis quisquam enim laboriosam. Et hic est consequatur suscipit qui odio.', 5, '2019-07-16 00:00:26', '2019-07-16 00:00:26'),
(219, 7, 'Berta Heathcote', 'Voluptatum aut a maxime reiciendis omnis ut sed voluptas. Molestiae molestiae aperiam eveniet illum omnis. Blanditiis qui dicta magni id repudiandae expedita.', 5, '2019-07-16 00:00:26', '2019-07-16 00:00:26'),
(220, 7, 'Reinhold Willms', 'Repudiandae itaque odio temporibus aliquid facere. Laboriosam enim quis a omnis pariatur. Soluta aut dolor voluptas vero. Officiis quisquam architecto incidunt laboriosam ducimus maiores eos.', 3, '2019-07-16 00:00:26', '2019-07-16 00:00:26'),
(221, 7, 'Mossie Predovic II', 'Et maxime sint repellendus nihil velit voluptas rerum autem. Consequatur excepturi est dolores perspiciatis. Et rem illum ab libero laudantium qui. Molestiae hic nulla sed quod voluptatem ut.', 0, '2019-07-16 00:00:26', '2019-07-16 00:00:26'),
(222, 2, 'Declan Durgan', 'Error mollitia animi vel vitae. Nihil quia quae quis qui omnis commodi. Sit ex laborum ea provident et molestiae.', 1, '2019-07-16 00:00:26', '2019-07-16 00:00:26'),
(223, 23, 'Lenny Zemlak', 'Ut sint rerum consequatur quisquam. Et molestiae velit nemo sit. Ut ipsa necessitatibus voluptas quis quo. Odio ut minus quis.', 3, '2019-07-16 00:00:26', '2019-07-16 00:00:26'),
(224, 46, 'Elisabeth Franecki IV', 'Quos iusto molestiae dicta et qui. Ipsa exercitationem ipsum harum dolorum. Modi corporis sed unde non sed omnis. Eos similique quas excepturi saepe distinctio voluptatem ut aut.', 1, '2019-07-16 00:00:26', '2019-07-16 00:00:26'),
(225, 24, 'Ottilie Hill', 'Illum quis provident autem quisquam qui consequatur. Dolore mollitia voluptas sed occaecati sit.', 1, '2019-07-16 00:00:27', '2019-07-16 00:00:27'),
(226, 46, 'Karson Spinka', 'Porro delectus qui facilis consectetur nulla. Impedit quam iusto quam. Quos quisquam sint velit nam officia. Ipsum sed ut voluptates aut quia et.', 5, '2019-07-16 00:00:27', '2019-07-16 00:00:27'),
(227, 21, 'Jan Stehr', 'Voluptas ipsam nesciunt repudiandae repellat adipisci ducimus quo. Omnis voluptas laudantium est et exercitationem ea. Qui ut tempora veniam adipisci.', 1, '2019-07-16 00:00:27', '2019-07-16 00:00:27'),
(228, 34, 'Johnathon Reynolds', 'Mollitia numquam dolorum magni cumque qui. Magnam sint atque et aut.', 2, '2019-07-16 00:00:27', '2019-07-16 00:00:27'),
(229, 45, 'Allan Little', 'Maxime inventore aut ipsam pariatur ipsa. Voluptatum beatae error accusamus porro distinctio nihil quo. Aliquid distinctio fuga libero. Perspiciatis reiciendis aut est expedita et. Hic ipsa et id excepturi doloribus aspernatur enim ipsum.', 3, '2019-07-16 00:00:27', '2019-07-16 00:00:27'),
(230, 39, 'Donnell Von III', 'Ut ea quae pariatur quod. Maxime enim ut dolor ut tempora. Consequatur rerum consequatur sequi.', 0, '2019-07-16 00:00:27', '2019-07-16 00:00:27'),
(231, 28, 'Gene Marquardt', 'Ut libero consequuntur quisquam. Esse sed commodi natus est aut neque autem quia. Temporibus molestiae provident at ea. Accusantium voluptates animi totam delectus ex.', 3, '2019-07-16 00:00:27', '2019-07-16 00:00:27'),
(232, 14, 'Miss Mya Ullrich DDS', 'Non incidunt perspiciatis voluptates fuga numquam. Nulla eos architecto veritatis consequatur amet nemo. Repudiandae consequatur deserunt veritatis ea aut. Atque consequatur laudantium consequatur maxime.', 3, '2019-07-16 00:00:27', '2019-07-16 00:00:27'),
(233, 10, 'Prof. Lysanne Schultz MD', 'Veritatis quae hic non numquam et eos iste. Ad veniam molestiae omnis cumque. Distinctio aliquid ducimus tenetur molestiae alias illum. Qui alias ea soluta excepturi expedita autem veniam ipsa. Qui odit voluptas at quod non ut.', 4, '2019-07-16 00:00:27', '2019-07-16 00:00:27'),
(234, 32, 'Justina Harber', 'Ut unde sint vel voluptas dignissimos. Voluptas aut accusamus aut et quia unde. Ut est modi atque neque iste.', 3, '2019-07-16 00:00:27', '2019-07-16 00:00:27'),
(235, 21, 'Destiney Borer', 'Aut laudantium quo molestias. Maxime temporibus aut facilis harum omnis qui. Labore velit officiis quasi possimus.', 4, '2019-07-16 00:00:27', '2019-07-16 00:00:27'),
(236, 3, 'Nya Rempel', 'Minus omnis veniam perferendis ea. Non maxime qui reiciendis sed sunt reiciendis. Nostrum cumque ea ea qui est repellat.', 4, '2019-07-16 00:00:27', '2019-07-16 00:00:27'),
(237, 17, 'Ms. Rubie Reynolds', 'Quae optio beatae soluta blanditiis quod perferendis. Unde vitae molestiae ipsa quia dolores ducimus quas. Quo et est et ea velit quibusdam omnis.', 3, '2019-07-16 00:00:27', '2019-07-16 00:00:27'),
(238, 8, 'Gregorio Schamberger', 'Est placeat perspiciatis soluta enim. A ducimus occaecati magnam eaque consequatur. Perspiciatis consequuntur exercitationem accusamus recusandae ut laboriosam sit. Consequatur officia est ipsam omnis error neque similique.', 0, '2019-07-16 00:00:27', '2019-07-16 00:00:27'),
(239, 39, 'Mariana Adams II', 'Iusto optio consequatur veniam. Minima facilis est ullam qui reiciendis aperiam et. Impedit reprehenderit doloribus saepe.', 0, '2019-07-16 00:00:27', '2019-07-16 00:00:27'),
(240, 9, 'Rozella Lueilwitz', 'Sit consequatur minima non at aut illo qui. Corporis ut sint culpa voluptatem eos vel. At dolores velit id deleniti sed tenetur.', 2, '2019-07-16 00:00:27', '2019-07-16 00:00:27'),
(241, 2, 'Miss Magdalena Bartell Sr.', 'Esse et voluptatem similique alias eum harum ut molestias. Reprehenderit et accusantium et incidunt rerum sunt et. Fugit repellat sunt tenetur aliquam ipsa.', 0, '2019-07-16 00:00:27', '2019-07-16 00:00:27'),
(242, 18, 'Herta Jacobi', 'Numquam cum dolorem atque officiis cumque eos cumque. Aspernatur exercitationem atque nisi sunt nulla quia rerum. Et in nam et culpa sunt et. Ut in omnis non delectus non. Voluptatem qui sit in aut eum.', 0, '2019-07-16 00:00:27', '2019-07-16 00:00:27'),
(243, 48, 'Jaylin Lesch', 'Est qui molestiae qui et eaque eveniet. Deleniti sit aliquam odit ipsa temporibus. Possimus est officiis enim qui. Deserunt quia nam recusandae.', 3, '2019-07-16 00:00:28', '2019-07-16 00:00:28'),
(244, 33, 'Lionel Gorczany I', 'Sit illum provident alias tempora commodi facilis. At assumenda eveniet qui et esse sequi eveniet. Excepturi earum dolor a non id. Omnis omnis voluptatum explicabo.', 2, '2019-07-16 00:00:28', '2019-07-16 00:00:28'),
(245, 11, 'Steve Cormier', 'Voluptatum voluptas est laborum sunt accusamus laboriosam id. Et aliquid sed laudantium repellat hic. Id occaecati dolorum voluptas laudantium rerum non voluptates. Corporis earum eligendi facilis veritatis veniam.', 1, '2019-07-16 00:00:28', '2019-07-16 00:00:28'),
(246, 36, 'Vince Balistreri', 'Autem nisi ut dolores. Dolorem culpa ea autem inventore. Est occaecati quasi rem reprehenderit saepe amet aspernatur impedit.', 3, '2019-07-16 00:00:28', '2019-07-16 00:00:28'),
(247, 7, 'Linnie Kohler', 'Dolor quibusdam culpa consequatur voluptates eaque quam ipsa. Aliquid sit omnis reprehenderit perspiciatis quidem inventore autem. Nemo molestias assumenda nobis commodi iusto illum.', 0, '2019-07-16 00:00:28', '2019-07-16 00:00:28'),
(248, 6, 'Dayna Senger', 'Ullam ut ducimus id ipsa quam ad. Eius rerum ea consequuntur. Maiores excepturi natus facere esse qui. Adipisci alias repellendus delectus libero maxime sit.', 1, '2019-07-16 00:00:28', '2019-07-16 00:00:28'),
(249, 23, 'Prof. Emmanuelle Yundt Jr.', 'Quibusdam eveniet laboriosam iusto tempora. Et dolorem sit error et. Ut ut itaque perspiciatis incidunt.', 3, '2019-07-16 00:00:28', '2019-07-16 00:00:28'),
(250, 28, 'Era Emmerich', 'Et debitis exercitationem illum at. Et deserunt velit modi vel porro necessitatibus. Impedit velit quidem doloremque molestias sed quis. Ut vero iusto sit recusandae earum voluptas.', 0, '2019-07-16 00:00:28', '2019-07-16 00:00:28'),
(251, 39, 'Morton Hammes', 'Quidem nisi vero quam ullam eligendi veritatis a perspiciatis. Eos magnam sequi voluptatem totam. Unde nihil architecto magnam illo laboriosam. Tempora nihil impedit aut omnis.', 5, '2019-07-16 00:00:28', '2019-07-16 00:00:28'),
(252, 30, 'Kendall Reichel', 'Et facilis consequuntur qui aut quos. Aut quae similique occaecati temporibus consequatur ut. Labore cumque voluptatem amet fuga.', 0, '2019-07-16 00:00:28', '2019-07-16 00:00:28'),
(253, 32, 'Garnet Considine', 'Voluptatem recusandae praesentium soluta necessitatibus est quod et voluptatibus. Ut excepturi veritatis non eligendi. Et sapiente magnam accusantium exercitationem eum occaecati facere. Neque labore aspernatur eos animi quaerat.', 3, '2019-07-16 00:00:28', '2019-07-16 00:00:28'),
(254, 4, 'Georgette Abernathy', 'Magni fugiat architecto sed omnis. Et laborum et qui voluptatibus. Vel dolores quaerat laboriosam vero.', 0, '2019-07-16 00:00:28', '2019-07-16 00:00:28'),
(255, 31, 'Jessika Stiedemann', 'Sit eveniet repellendus ut consequatur iste consequatur. Harum modi sint voluptas unde qui quas animi.', 0, '2019-07-16 00:00:28', '2019-07-16 00:00:28'),
(256, 23, 'Neil Cremin PhD', 'Minus voluptatem officia aliquam et ut neque. Quo voluptate a in quia. Officiis culpa minus non ut. Dolores officiis perspiciatis mollitia voluptas dolor.', 5, '2019-07-16 00:00:28', '2019-07-16 00:00:28'),
(257, 49, 'Arno Bogan', 'Distinctio doloremque tenetur aliquid reiciendis. Maxime facere fugiat ut aperiam. Voluptatem natus ut quae culpa est temporibus ab aspernatur. Libero repellat maiores unde ratione aliquid deleniti dolorum.', 4, '2019-07-16 00:00:28', '2019-07-16 00:00:28'),
(258, 38, 'Dr. Heloise Mitchell DDS', 'Dolores quasi aspernatur porro consequatur quam. Nihil non esse autem soluta. Repellat excepturi quae incidunt dolorum quod.', 0, '2019-07-16 00:00:28', '2019-07-16 00:00:28'),
(259, 21, 'Herminia Rice', 'Id perspiciatis quibusdam ipsa sed iure hic rerum. Et quas neque provident tenetur iusto quidem unde. Rerum praesentium velit hic voluptas praesentium rem. Ut distinctio ipsa eaque esse.', 1, '2019-07-16 00:00:29', '2019-07-16 00:00:29'),
(260, 27, 'Aleen Larson', 'Voluptas vero vel natus rerum. Alias incidunt perspiciatis at quas. Dolores rerum assumenda soluta incidunt magni et. Sed est qui aut asperiores.', 4, '2019-07-16 00:00:29', '2019-07-16 00:00:29'),
(261, 16, 'Richard Lockman', 'Quibusdam aut facilis doloremque aliquid et maxime. Debitis reiciendis explicabo esse provident voluptates delectus quis praesentium. Officia error tenetur aliquam facere corrupti dolor rerum. Fugiat aut quo iusto non unde.', 3, '2019-07-16 00:00:29', '2019-07-16 00:00:29'),
(262, 50, 'Ms. Marilyne Schmeler Sr.', 'Esse quia accusantium commodi esse quibusdam qui. Qui sed natus autem ea. Nulla velit voluptatibus vero.', 1, '2019-07-16 00:00:29', '2019-07-16 00:00:29'),
(263, 38, 'Maxime Moen', 'Dignissimos necessitatibus omnis corporis voluptas. Id aut fugiat porro officia. Ut occaecati vel sapiente repellat sunt et. Id eos unde repudiandae sit dolor.', 4, '2019-07-16 00:00:29', '2019-07-16 00:00:29'),
(264, 17, 'Nakia Witting', 'Molestiae debitis ducimus odio quia dolores est. Voluptatem sapiente quod cupiditate quas. Quos in voluptas distinctio. Et ea aut ut aliquam ad aperiam et cupiditate.', 4, '2019-07-16 00:00:29', '2019-07-16 00:00:29'),
(265, 21, 'Ms. Raegan Kohler', 'Inventore consequatur et modi aperiam. Voluptatem explicabo sapiente laborum nihil et dolores ipsum delectus. Accusantium hic ad voluptatem sit eum.', 1, '2019-07-16 00:00:29', '2019-07-16 00:00:29'),
(266, 26, 'Emely Breitenberg', 'Maiores voluptas nihil suscipit rerum sed. Consequuntur ipsum dicta numquam rerum iure maiores ex assumenda. Reiciendis ullam ut culpa voluptates incidunt. Iure delectus natus eveniet aliquid eius ad.', 5, '2019-07-16 00:00:29', '2019-07-16 00:00:29'),
(267, 30, 'Gertrude Adams', 'Blanditiis vel est omnis non. Rerum ut nihil molestias minima voluptatem quam quo. Quod voluptas voluptatem voluptas esse commodi placeat dolorum. Repellat ut consequatur velit et aut sed quidem.', 3, '2019-07-16 00:00:29', '2019-07-16 00:00:29'),
(268, 45, 'Edna Osinski', 'Odio repellat consequuntur quas non. Aliquam illo eum fugit eaque quo iusto. Aut qui in dicta soluta natus aliquid consequatur minus.', 1, '2019-07-16 00:00:29', '2019-07-16 00:00:29'),
(269, 42, 'Norene Gleichner', 'Culpa et porro assumenda hic beatae libero sunt animi. Reiciendis amet adipisci excepturi quo. Sed nam dolor possimus sunt tempora sit. Minima est voluptatem omnis tempora dolorem.', 1, '2019-07-16 00:00:29', '2019-07-16 00:00:29'),
(270, 9, 'Prof. Taylor Altenwerth Sr.', 'Voluptatibus perferendis beatae recusandae nisi quia. Distinctio fugit quo et ea. Odit aut magnam commodi repellendus id eum eos. Iusto voluptas est dolorum dolorem est facere. Fugiat totam qui quis magni officia.', 2, '2019-07-16 00:00:29', '2019-07-16 00:00:29'),
(271, 36, 'Madison Huels', 'Culpa provident mollitia qui aut id molestiae commodi. Iusto eveniet accusamus odio unde. Laudantium asperiores excepturi tempore.', 5, '2019-07-16 00:00:29', '2019-07-16 00:00:29'),
(272, 22, 'Miss Claudie Denesik I', 'Et iusto aut autem laborum et sit. Voluptas voluptatibus quod error ut dolores illo. Nihil ut minus ut nostrum. Sit perspiciatis deserunt ducimus numquam dolore est asperiores.', 3, '2019-07-16 00:00:29', '2019-07-16 00:00:29'),
(273, 45, 'Demetrius Mills', 'Accusantium laboriosam eum iure eum. Necessitatibus veritatis quod nihil fuga earum voluptatum. Non sunt perspiciatis labore aut.', 2, '2019-07-16 00:00:29', '2019-07-16 00:00:29'),
(274, 12, 'Stephania Keebler', 'Incidunt neque assumenda neque sit deleniti quas enim aut. Perferendis quae reiciendis cum voluptas similique sed.', 1, '2019-07-16 00:00:29', '2019-07-16 00:00:29'),
(275, 27, 'Eryn Cassin', 'Est aut quos in ipsum repellat. Aut voluptas ut earum ut. Et impedit laudantium possimus.', 0, '2019-07-16 00:00:30', '2019-07-16 00:00:30'),
(276, 42, 'Elenor Morissette DDS', 'Voluptas esse praesentium et quasi nihil. Autem enim optio magnam dolor minima similique. Provident officia eum vitae aut enim nobis debitis. Numquam modi necessitatibus sit sed aut.', 5, '2019-07-16 00:00:30', '2019-07-16 00:00:30'),
(277, 16, 'Duane Williamson', 'Eum distinctio excepturi perspiciatis ea recusandae sequi. Sint consectetur quibusdam expedita unde animi aut eaque et. Eum fugiat reiciendis delectus repellat eum dignissimos maxime.', 4, '2019-07-16 00:00:30', '2019-07-16 00:00:30'),
(278, 11, 'Mrs. Vada Bartell IV', 'In quibusdam porro aliquid adipisci suscipit. Nam possimus omnis fugiat error. Voluptatem omnis eius vel minus praesentium dolorem aut.', 4, '2019-07-16 00:00:30', '2019-07-16 00:00:30'),
(279, 30, 'Deangelo Monahan MD', 'Corporis enim temporibus aut dolores id eius quis. Illo et rerum et et consectetur dolores sunt. Maiores ipsum ut sit alias sint ea.', 0, '2019-07-16 00:00:30', '2019-07-16 00:00:30'),
(280, 24, 'Burley Paucek DDS', 'Rerum praesentium facere soluta facilis quidem. Et rerum officia id optio ut aut fugiat impedit. Incidunt aut voluptatem maxime magnam.', 4, '2019-07-16 00:00:30', '2019-07-16 00:00:30'),
(281, 12, 'Tevin Jakubowski', 'Necessitatibus aut ut ut molestiae sed. Voluptatem fuga consequatur atque. Voluptatibus iste minima ducimus voluptatem rem.', 3, '2019-07-16 00:00:30', '2019-07-16 00:00:30'),
(282, 48, 'Clemmie Abbott', 'Quod aut accusantium ipsam enim voluptatem. Sed recusandae maiores quia fugiat. Asperiores sapiente quia consequuntur est. Aut praesentium harum harum praesentium.', 2, '2019-07-16 00:00:30', '2019-07-16 00:00:30'),
(283, 9, 'Miss Burnice Beatty', 'Ab nisi dolorem consequuntur debitis laudantium. Illo odio voluptas fugit voluptatibus. Error quod dolorem iure at vel quis.', 3, '2019-07-16 00:00:30', '2019-07-16 00:00:30'),
(284, 34, 'Otho Leffler', 'Omnis officiis dolor ut eos ut libero. Ut ut adipisci et quis quo id. Impedit quae odit eum voluptatem et est quia tempore. Minus dolorem voluptatum error neque ducimus.', 3, '2019-07-16 00:00:30', '2019-07-16 00:00:30'),
(285, 42, 'Ava Walter', 'Et harum ad qui. Voluptatibus aliquam illo totam. Sit sit quis officiis rem pariatur laudantium esse.', 2, '2019-07-16 00:00:30', '2019-07-16 00:00:30'),
(286, 20, 'Ms. Katelin Miller III', 'Explicabo labore eaque molestias harum. Impedit neque sunt distinctio earum dolorem deleniti. Voluptas deserunt quo qui modi aut quisquam quasi.', 0, '2019-07-16 00:00:30', '2019-07-16 00:00:30'),
(287, 44, 'Mr. Laurel Schamberger V', 'Magnam impedit non velit qui ut alias eos sapiente. Sint atque temporibus dolorem quibusdam voluptatem quidem consectetur aut. Soluta ut dolor molestiae. Ducimus delectus repellendus rerum aspernatur.', 0, '2019-07-16 00:00:30', '2019-07-16 00:00:30'),
(288, 40, 'Etha Donnelly MD', 'Ut aut esse est voluptate quasi corrupti asperiores neque. Error molestiae optio qui porro reprehenderit.', 5, '2019-07-16 00:00:31', '2019-07-16 00:00:31'),
(289, 41, 'Dr. Leilani Effertz', 'Odit nulla iure consequatur sit numquam. Beatae ab aspernatur architecto cumque doloribus quia. Tenetur distinctio asperiores quia molestiae consequuntur rerum quod.', 2, '2019-07-16 00:00:31', '2019-07-16 00:00:31'),
(290, 12, 'Hipolito Nikolaus', 'Et aut labore laudantium cupiditate expedita eum sed. Nihil accusantium illum id consectetur.', 4, '2019-07-16 00:00:31', '2019-07-16 00:00:31'),
(291, 21, 'Carter Reichel', 'Deserunt adipisci nostrum voluptatem eaque. Ea et explicabo quisquam dolor qui ducimus. A deserunt enim sapiente quia. Quia voluptas qui nemo.', 1, '2019-07-16 00:00:31', '2019-07-16 00:00:31'),
(292, 16, 'Juvenal Brekke', 'Et dolore qui maiores et praesentium. Ducimus et hic perferendis ut at dicta. Aut architecto ut veniam. Maxime molestiae voluptas vero voluptatem. Voluptas nihil aspernatur sapiente et dolorum.', 4, '2019-07-16 00:00:31', '2019-07-16 00:00:31'),
(293, 20, 'Norberto Lockman IV', 'Aliquam quo labore perferendis. Deleniti ratione eos iusto et nemo minus architecto. Totam repudiandae in est odio voluptatum ex. Quia voluptatem aut et voluptatem.', 3, '2019-07-16 00:00:31', '2019-07-16 00:00:31'),
(294, 1, 'Miss Mandy Casper MD', 'Ducimus eum sapiente voluptatem ducimus voluptatibus dolorum. Est incidunt rerum temporibus nulla aliquam veniam nostrum. Nobis assumenda at iste.', 2, '2019-07-16 00:00:31', '2019-07-16 00:00:31'),
(295, 9, 'Dr. Mortimer Roob', 'Odit quasi amet est explicabo voluptatem et. Saepe repellendus repudiandae iure beatae officiis. Odio optio et quis magni deleniti molestias consectetur.', 0, '2019-07-16 00:00:31', '2019-07-16 00:00:31'),
(296, 47, 'Sydnie Schulist', 'In molestias eligendi est adipisci voluptatem minus quam maiores. Voluptatem ut et aut perspiciatis. Praesentium animi ratione quis deserunt. Quisquam libero illum consectetur veritatis laborum dicta blanditiis. Et sunt est architecto ipsum.', 5, '2019-07-16 00:00:31', '2019-07-16 00:00:31'),
(297, 38, 'Kennith Kuhlman', 'Commodi voluptas asperiores est cupiditate nisi illum nulla voluptas. Perferendis quidem reiciendis totam placeat cupiditate aut sapiente. Totam nostrum voluptate eligendi similique sapiente numquam ut. Et neque voluptas odit eaque incidunt officia. Assumenda id ab maxime voluptatem et totam.', 1, '2019-07-16 00:00:31', '2019-07-16 00:00:31'),
(298, 1, 'Daniela Hane', 'Aspernatur voluptatem doloribus rerum molestias. Soluta totam a consequatur sapiente accusamus. Sint non veniam explicabo consectetur et et. Laborum amet totam esse.', 3, '2019-07-16 00:00:31', '2019-07-16 00:00:31'),
(299, 3, 'Kareem Schuster DVM', 'Ut ut dolor repellat ducimus. Omnis dolores pariatur repellendus voluptatem non earum. Ut neque tempore ut itaque doloremque autem quae.', 0, '2019-07-16 00:00:31', '2019-07-16 00:00:31'),
(300, 6, 'Mrs. Karelle Hamill MD', 'Perspiciatis et nihil in illum. Consequatur delectus vero eum consequatur modi tempore. Deserunt minima repudiandae qui et similique.', 4, '2019-07-16 00:00:31', '2019-07-16 00:00:31');

-- --------------------------------------------------------

--
-- Table structure for table `users`
--

CREATE TABLE `users` (
  `id` int(10) UNSIGNED NOT NULL,
  `name` varchar(191) COLLATE utf8mb4_unicode_ci NOT NULL,
  `email` varchar(191) COLLATE utf8mb4_unicode_ci NOT NULL,
  `password` varchar(191) COLLATE utf8mb4_unicode_ci NOT NULL,
  `remember_token` varchar(100) COLLATE utf8mb4_unicode_ci DEFAULT NULL,
  `created_at` timestamp NULL DEFAULT NULL,
  `updated_at` timestamp NULL DEFAULT NULL
) ENGINE=InnoDB DEFAULT CHARSET=utf8mb4 COLLATE=utf8mb4_unicode_ci;

--
-- Indexes for dumped tables
--

--
-- Indexes for table `migrations`
--
ALTER TABLE `migrations`
  ADD PRIMARY KEY (`id`);

--
-- Indexes for table `password_resets`
--
ALTER TABLE `password_resets`
  ADD KEY `password_resets_email_index` (`email`);

--
-- Indexes for table `products`
--
ALTER TABLE `products`
  ADD PRIMARY KEY (`id`);

--
-- Indexes for table `reviews`
--
ALTER TABLE `reviews`
  ADD PRIMARY KEY (`id`),
  ADD KEY `reviews_product_id_index` (`product_id`);

--
-- Indexes for table `users`
--
ALTER TABLE `users`
  ADD PRIMARY KEY (`id`),
  ADD UNIQUE KEY `users_email_unique` (`email`);

--
-- AUTO_INCREMENT for dumped tables
--

--
-- AUTO_INCREMENT for table `migrations`
--
ALTER TABLE `migrations`
  MODIFY `id` int(10) UNSIGNED NOT NULL AUTO_INCREMENT, AUTO_INCREMENT=5;

--
-- AUTO_INCREMENT for table `products`
--
ALTER TABLE `products`
  MODIFY `id` int(10) UNSIGNED NOT NULL AUTO_INCREMENT, AUTO_INCREMENT=51;

--
-- AUTO_INCREMENT for table `reviews`
--
ALTER TABLE `reviews`
  MODIFY `id` int(10) UNSIGNED NOT NULL AUTO_INCREMENT, AUTO_INCREMENT=301;

--
-- AUTO_INCREMENT for table `users`
--
ALTER TABLE `users`
  MODIFY `id` int(10) UNSIGNED NOT NULL AUTO_INCREMENT;

--
-- Constraints for dumped tables
--

--
-- Constraints for table `reviews`
--
ALTER TABLE `reviews`
  ADD CONSTRAINT `reviews_product_id_foreign` FOREIGN KEY (`product_id`) REFERENCES `products` (`id`) ON DELETE CASCADE;
COMMIT;

/*!40101 SET CHARACTER_SET_CLIENT=@OLD_CHARACTER_SET_CLIENT */;
/*!40101 SET CHARACTER_SET_RESULTS=@OLD_CHARACTER_SET_RESULTS */;
/*!40101 SET COLLATION_CONNECTION=@OLD_COLLATION_CONNECTION */;
